County,State,FIPS,Population
Autauga,AL,1001,55869
Baldwin,AL,1003,223234
Barbour,AL,1005,24686
Bibb,AL,1007,22394
Blount,AL,1009,57826
Bullock,AL,1011,10101
Butler,AL,1013,19448
Calhoun,AL,1015,113605
Chambers,AL,1017,33254
Cherokee,AL,1019,26196
Chilton,AL,1021,44428
Choctaw,AL,1023,12589
Clarke,AL,1025,23622
Clay,AL,1027,13235
Cleburne,AL,1029,14910
Coffee,AL,1031,52342
Colbert,AL,1033,55241
Conecuh,AL,1035,12067
Coosa,AL,1037,10663
Covington,AL,1039,37049
Crenshaw,AL,1041,13772
Cullman,AL,1043,83768
Dale,AL,1045,49172
Dallas,AL,1047,37196
DeKalb,AL,1049,71513
Elmore,AL,1051,81209
Escambia,AL,1053,36633
Etowah,AL,1055,102268
Fayette,AL,1057,16302
Franklin,AL,1059,31362
Geneva,AL,1061,26271
Greene,AL,1063,8111
Hale,AL,1065,14651
Henry,AL,1067,17205
Houston,AL,1069,105882
Jackson,AL,1071,51626
Jefferson,AL,1073,658573
Lamar,AL,1075,13805
Lauderdale,AL,1077,92729
Lawrence,AL,1079,32924
Lee,AL,1081,164542
Limestone,AL,1083,98915
Lowndes,AL,1085,9726
Macon,AL,1087,18068
Madison,AL,1089,372909
Marengo,AL,1091,18863
Marion,AL,1093,29709
Marshall,AL,1095,96774
Mobile,AL,1097,413210
Monroe,AL,1099,20733
Montgomery,AL,1101,226486
Morgan,AL,1103,119679
Perry,AL,1105,8923
Pickens,AL,1107,19930
Pike,AL,1109,33114
Randolph,AL,1111,22722
Russell,AL,1113,57961
St. Clair,AL,1115,89512
Shelby,AL,1117,217702
Sumter,AL,1119,12427
Talladega,AL,1121,79978
Tallapoosa,AL,1123,40367
Tuscaloosa,AL,1125,209355
Walker,AL,1127,63521
Washington,AL,1129,16326
Wilcox,AL,1131,10373
Winston,AL,1133,23629
Aleutians East Borough,AK,2013,3337
Aleutians West Census Area,AK,2016,5634
Anchorage,AK,2020,288000
Bethel Census Area,AK,2050,18386
Denali Borough,AK,2068,2097
Dillingham Census Area,AK,2070,4916
Fairbanks North Star Borough,AK,2090,96849
Haines Borough,AK,2100,2530
Juneau City and Borough,AK,2110,31974
Kenai Peninsula Borough,AK,2122,58708
Ketchikan Gateway Borough,AK,2130,13901
Kodiak Island Borough,AK,2150,12998
Kusilvak Census Area,AK,2158,8314
Matanuska-Susitna Borough,AK,2170,108317
Nome Census Area,AK,2180,10004
North Slope Borough,AK,2185,9832
Northwest Arctic Borough,AK,2188,7621
Petersburg Borough,AK,2195,3266
Prince of Wales-Hyder Census Area,AK,2198,6203
Sitka City and Borough,AK,2220,8493
Southeast Fairbanks Census Area,AK,2240,6893
Valdez-Cordova Census Area,AK,2261,9202
Wrangell City and Borough,AK,2275,2502
Yukon-Koyukuk Census Area,AK,2290,5230
Bristol Bay plus Lake and Peninsula,AK,36061,2428
Apache,AZ,4001,71887
Cochise,AZ,4003,125922
Coconino,AZ,4005,143476
Gila,AZ,4007,54018
Graham,AZ,4009,38837
Greenlee,AZ,4011,9498
La Paz,AZ,4012,21108
Maricopa,AZ,4013,4485414
Mohave,AZ,4015,212181
Navajo,AZ,4017,110924
Pima,AZ,4019,1047279
Pinal,AZ,4021,462789
Santa Cruz,AZ,4023,46498
Yavapai,AZ,4025,235099
Yuma,AZ,4027,213787
Arkansas,AR,5001,17486
Ashley,AR,5003,19657
Baxter,AR,5005,41932
Benton,AR,5007,279141
Boone,AR,5009,37432
Bradley,AR,5011,10763
Calhoun,AR,5013,5189
Carroll,AR,5015,28380
Chicot,AR,5017,10118
Clark,AR,5019,22320
Clay,AR,5021,14551
Cleburne,AR,5023,24919
Cleveland,AR,5025,7956
Columbia,AR,5027,23457
Conway,AR,5029,20846
Craighead,AR,5031,110332
Crawford,AR,5033,63257
Crittenden,AR,5035,47955
Cross,AR,5037,16419
Dallas,AR,5039,7009
Desha,AR,5041,11361
Drew,AR,5043,18219
Faulkner,AR,5045,126007
Franklin,AR,5047,17715
Fulton,AR,5049,12477
Garland,AR,5051,99386
Grant,AR,5053,18265
Greene,AR,5055,45325
Hempstead,AR,5057,21532
Hot Spring,AR,5059,33771
Howard,AR,5061,13202
Independence,AR,5063,37825
Izard,AR,5065,13629
Jackson,AR,5067,16719
Jefferson,AR,5069,66824
Johnson,AR,5071,26578
Lafayette,AR,5073,6624
Lawrence,AR,5075,16406
Lee,AR,5077,8857
Lincoln,AR,5079,13024
Little River,AR,5081,12259
Logan,AR,5083,21466
Lonoke,AR,5085,73309
Madison,AR,5087,16576
Marion,AR,5089,16694
Miller,AR,5091,43257
Mississippi,AR,5093,40651
Monroe,AR,5095,6701
Montgomery,AR,5097,8986
Nevada,AR,5099,8252
Newton,AR,5101,7753
Ouachita,AR,5103,23382
Perry,AR,5105,10455
Phillips,AR,5107,17782
Pike,AR,5109,10718
Poinsett,AR,5111,23528
Polk,AR,5113,19964
Pope,AR,5115,64072
Prairie,AR,5117,8062
Pulaski,AR,5119,391911
Randolph,AR,5121,17958
St. Francis,AR,5123,24994
Saline,AR,5125,122437
Scott,AR,5127,10281
Searcy,AR,5129,7881
Sebastian,AR,5131,127827
Sevier,AR,5133,17007
Sharp,AR,5135,17442
Stone,AR,5137,12506
Union,AR,5139,38682
Van Buren,AR,5141,16545
Washington,AR,5143,239187
White,AR,5145,78753
Woodruff,AR,5147,6320
Yell,AR,5149,21341
Alameda,CA,6001,1671329
Alpine,CA,6003,1129
Amador,CA,6005,39752
Butte,CA,6007,219186
Calaveras,CA,6009,45905
Colusa,CA,6011,21547
Contra Costa,CA,6013,1153526
Del Norte,CA,6015,27812
El Dorado,CA,6017,192843
Fresno,CA,6019,999101
Glenn,CA,6021,28393
Humboldt,CA,6023,135558
Imperial,CA,6025,181215
Inyo,CA,6027,18039
Kern,CA,6029,900202
Kings,CA,6031,152940
Lake,CA,6033,64386
Lassen,CA,6035,30573
Los Angeles,CA,6037,10039107
Madera,CA,6039,157327
Marin,CA,6041,258826
Mariposa,CA,6043,17203
Mendocino,CA,6045,86749
Merced,CA,6047,277680
Mono,CA,6051,14444
Monterey,CA,6053,434061
Napa,CA,6055,137744
Nevada,CA,6057,99755
Orange,CA,6059,3175692
Placer,CA,6061,398329
Plumas,CA,6063,18807
Riverside,CA,6065,2470546
Sacramento,CA,6067,1552058
San Benito,CA,6069,62808
San Bernardino,CA,6071,2180085
San Diego,CA,6073,3338330
San Francisco,CA,6075,881549
San Joaquin,CA,6077,762148
San Luis Obispo,CA,6079,283111
San Mateo,CA,6081,766573
Santa Barbara,CA,6083,446499
Santa Clara,CA,6085,1927852
Santa Cruz,CA,6087,273213
Shasta,CA,6089,180080
Sierra,CA,6091,3005
Siskiyou,CA,6093,43539
Solano,CA,6095,447643
Sonoma,CA,6097,494336
Stanislaus,CA,6099,550660
Sutter,CA,6101,96971
Tehama,CA,6103,65084
Trinity,CA,6105,12285
Tulare,CA,6107,466195
Tuolumne,CA,6109,54478
Ventura,CA,6111,846006
Yolo,CA,6113,220500
Yuba,CA,6115,78668
Adams,CO,8001,517421
Alamosa,CO,8003,16233
Arapahoe,CO,8005,656590
Archuleta,CO,8007,14029
Baca,CO,8009,3581
Bent,CO,8011,5577
Boulder,CO,8013,326196
Broomfield,CO,8014,70465
Chaffee,CO,8015,20356
Cheyenne,CO,8017,1831
Clear Creek,CO,8019,9700
Conejos,CO,8021,8205
Costilla,CO,8023,3887
Crowley,CO,8025,6061
Custer,CO,8027,5068
Delta,CO,8029,31162
Denver,CO,8031,727211
Douglas,CO,8035,351154
Eagle,CO,8037,55127
Elbert,CO,8039,26729
El Paso,CO,8041,720403
Fremont,CO,8043,47839
Garfield,CO,8045,60061
Gilpin,CO,8047,6243
Grand,CO,8049,15734
Gunnison,CO,8051,17462
Hinsdale,CO,8053,820
Huerfano,CO,8055,6897
Jackson,CO,8057,1392
Jefferson,CO,8059,582881
Kit Carson,CO,8063,7097
Lake,CO,8065,8127
La Plata,CO,8067,56221
Larimer,CO,8069,356899
Las Animas,CO,8071,14506
Lincoln,CO,8073,5701
Logan,CO,8075,22409
Mesa,CO,8077,154210
Mineral,CO,8079,769
Moffat,CO,8081,13283
Montezuma,CO,8083,26183
Montrose,CO,8085,42758
Morgan,CO,8087,29068
Otero,CO,8089,18278
Ouray,CO,8091,4952
Park,CO,8093,18845
Phillips,CO,8095,4265
Pitkin,CO,8097,17767
Prowers,CO,8099,12172
Pueblo,CO,8101,168424
Rio Blanco,CO,8103,6324
Rio Grande,CO,8105,11267
Routt,CO,8107,25638
Saguache,CO,8109,6824
San Juan,CO,8111,728
San Miguel,CO,8113,8179
Sedgwick,CO,8115,2248
Summit,CO,8117,31011
Teller,CO,8119,25388
Washington,CO,8121,4908
Weld,CO,8123,324492
Yuma,CO,8125,10019
Fairfield,CT,9001,943332
Hartford,CT,9003,891720
Litchfield,CT,9005,180333
Middlesex,CT,9007,162436
New Haven,CT,9009,854757
New London,CT,9011,265206
Tolland,CT,9013,150721
Windham,CT,9015,116782
Kent,DE,10001,180786
New Castle,DE,10003,558753
Sussex,DE,10005,234225
District of Columbia,DC,11001,705749
Alachua,FL,12001,269043
Baker,FL,12003,29210
Bay,FL,12005,174705
Bradford,FL,12007,28201
Brevard,FL,12009,601942
Broward,FL,12011,1952778
Calhoun,FL,12013,14105
Charlotte,FL,12015,188910
Citrus,FL,12017,149657
Clay,FL,12019,219252
Collier,FL,12021,384902
Columbia,FL,12023,71686
DeSoto,FL,12027,38001
Dixie,FL,12029,16826
Duval,FL,12031,957755
Escambia,FL,12033,318316
Flagler,FL,12035,115081
Franklin,FL,12037,12125
Gadsden,FL,12039,45660
Gilchrist,FL,12041,18582
Glades,FL,12043,13811
Gulf,FL,12045,13639
Hamilton,FL,12047,14428
Hardee,FL,12049,26937
Hendry,FL,12051,42022
Hernando,FL,12053,193920
Highlands,FL,12055,106221
Hillsborough,FL,12057,1471968
Holmes,FL,12059,19617
Indian River,FL,12061,159923
Jackson,FL,12063,46414
Jefferson,FL,12065,14246
Lafayette,FL,12067,8422
Lake,FL,12069,367118
Lee,FL,12071,770577
Leon,FL,12073,293582
Levy,FL,12075,41503
Liberty,FL,12077,8354
Madison,FL,12079,18493
Manatee,FL,12081,403253
Marion,FL,12083,365579
Martin,FL,12085,161000
Miami-Dade,FL,12086,2716940
Monroe,FL,12087,74228
Nassau,FL,12089,88625
Okaloosa,FL,12091,210738
Okeechobee,FL,12093,42168
Orange,FL,12095,1393452
Osceola,FL,12097,375751
Palm Beach,FL,12099,1496770
Pasco,FL,12101,553947
Pinellas,FL,12103,974996
Polk,FL,12105,724777
Putnam,FL,12107,74521
St. Johns,FL,12109,264672
St. Lucie,FL,12111,328297
Santa Rosa,FL,12113,184313
Sarasota,FL,12115,433742
Seminole,FL,12117,471826
Sumter,FL,12119,132420
Suwannee,FL,12121,44417
Taylor,FL,12123,21569
Union,FL,12125,15237
Volusia,FL,12127,553284
Wakulla,FL,12129,33739
Walton,FL,12131,74071
Washington,FL,12133,25473
Appling,GA,13001,18386
Atkinson,GA,13003,8165
Bacon,GA,13005,11164
Baker,GA,13007,3038
Baldwin,GA,13009,44890
Banks,GA,13011,19234
Barrow,GA,13013,83240
Bartow,GA,13015,107738
Ben Hill,GA,13017,16700
Berrien,GA,13019,19397
Bibb,GA,13021,153159
Bleckley,GA,13023,12873
Brantley,GA,13025,19109
Brooks,GA,13027,15457
Bryan,GA,13029,39627
Bulloch,GA,13031,79608
Burke,GA,13033,22383
Butts,GA,13035,24936
Calhoun,GA,13037,6189
Camden,GA,13039,54666
Candler,GA,13043,10803
Carroll,GA,13045,119992
Catoosa,GA,13047,67580
Charlton,GA,13049,13392
Chatham,GA,13051,289430
Chattahoochee,GA,13053,10907
Chattooga,GA,13055,24789
Cherokee,GA,13057,258773
Clarke,GA,13059,128331
Clay,GA,13061,2834
Clayton,GA,13063,292256
Clinch,GA,13065,6618
Cobb,GA,13067,760141
Coffee,GA,13069,43273
Colquitt,GA,13071,45600
Columbia,GA,13073,156714
Cook,GA,13075,17270
Coweta,GA,13077,148509
Crawford,GA,13079,12404
Crisp,GA,13081,22372
Dade,GA,13083,16116
Dawson,GA,13085,26108
Decatur,GA,13087,26404
DeKalb,GA,13089,759297
Dodge,GA,13091,20605
Dooly,GA,13093,13390
Dougherty,GA,13095,87956
Douglas,GA,13097,146343
Early,GA,13099,10190
Echols,GA,13101,4006
Effingham,GA,13103,64296
Elbert,GA,13105,19194
Emanuel,GA,13107,22646
Evans,GA,13109,10654
Fannin,GA,13111,26188
Fayette,GA,13113,114421
Floyd,GA,13115,98498
Forsyth,GA,13117,244252
Franklin,GA,13119,23349
Fulton,GA,13121,1063937
Gilmer,GA,13123,31369
Glascock,GA,13125,2971
Glynn,GA,13127,85292
Gordon,GA,13129,57963
Grady,GA,13131,24633
Greene,GA,13133,18324
Gwinnett,GA,13135,936250
Habersham,GA,13137,45328
Hall,GA,13139,204441
Hancock,GA,13141,8457
Haralson,GA,13143,29792
Harris,GA,13145,35236
Hart,GA,13147,26205
Heard,GA,13149,11923
Henry,GA,13151,234561
Houston,GA,13153,157863
Irwin,GA,13155,9416
Jackson,GA,13157,72977
Jasper,GA,13159,14219
Jeff Davis,GA,13161,15115
Jefferson,GA,13163,15362
Jenkins,GA,13165,8676
Johnson,GA,13167,9643
Jones,GA,13169,28735
Lamar,GA,13171,19077
Lanier,GA,13173,10423
Laurens,GA,13175,47546
Lee,GA,13177,29992
Liberty,GA,13179,61435
Lincoln,GA,13181,7921
Long,GA,13183,19559
Lowndes,GA,13185,117406
Lumpkin,GA,13187,33610
McDuffie,GA,13189,21312
McIntosh,GA,13191,14378
Macon,GA,13193,12947
Madison,GA,13195,29880
Marion,GA,13197,8359
Meriwether,GA,13199,21167
Miller,GA,13201,5718
Mitchell,GA,13205,21863
Monroe,GA,13207,27578
Montgomery,GA,13209,9172
Morgan,GA,13211,19276
Murray,GA,13213,40096
Muscogee,GA,13215,195769
Newton,GA,13217,111744
Oconee,GA,13219,40280
Oglethorpe,GA,13221,15259
Paulding,GA,13223,168667
Peach,GA,13225,27546
Pickens,GA,13227,32591
Pierce,GA,13229,19465
Pike,GA,13231,18962
Polk,GA,13233,42613
Pulaski,GA,13235,11137
Putnam,GA,13237,22119
Quitman,GA,13239,2299
Rabun,GA,13241,17137
Randolph,GA,13243,6778
Richmond,GA,13245,202518
Rockdale,GA,13247,90896
Schley,GA,13249,5257
Screven,GA,13251,13966
Seminole,GA,13253,8090
Spalding,GA,13255,66703
Stephens,GA,13257,25925
Stewart,GA,13259,6621
Sumter,GA,13261,29524
Talbot,GA,13263,6195
Taliaferro,GA,13265,1537
Tattnall,GA,13267,25286
Taylor,GA,13269,8020
Telfair,GA,13271,15860
Terrell,GA,13273,8531
Thomas,GA,13275,44451
Tift,GA,13277,40644
Toombs,GA,13279,26830
Towns,GA,13281,12037
Treutlen,GA,13283,6901
Troup,GA,13285,69922
Turner,GA,13287,7985
Twiggs,GA,13289,8120
Union,GA,13291,24511
Upson,GA,13293,26320
Walker,GA,13295,69761
Walton,GA,13297,94593
Ware,GA,13299,35734
Warren,GA,13301,5254
Washington,GA,13303,20374
Wayne,GA,13305,29927
Webster,GA,13307,2607
Wheeler,GA,13309,7855
White,GA,13311,30798
Whitfield,GA,13313,104628
Wilcox,GA,13315,8635
Wilkes,GA,13317,9777
Wilkinson,GA,13319,8954
Worth,GA,13321,20247
Hawaii,HI,15001,201513
Honolulu,HI,15003,974563
Kauai,HI,15007,72293
Maui,HI,15009,167417
Ada,ID,16001,481587
Adams,ID,16003,4294
Bannock,ID,16005,87808
Bear Lake,ID,16007,6125
Benewah,ID,16009,9298
Bingham,ID,16011,46811
Blaine,ID,16013,23021
Boise,ID,16015,7831
Bonner,ID,16017,45739
Bonneville,ID,16019,119062
Boundary,ID,16021,12245
Camas,ID,16025,1106
Canyon,ID,16027,229849
Caribou,ID,16029,7155
Cassia,ID,16031,24030
Clearwater,ID,16035,8756
Custer,ID,16037,4315
Elmore,ID,16039,27511
Franklin,ID,16041,13876
Fremont,ID,16043,13099
Gem,ID,16045,18112
Gooding,ID,16047,15179
Idaho,ID,16049,16667
Jefferson,ID,16051,29871
Jerome,ID,16053,24412
Kootenai,ID,16055,165697
Latah,ID,16057,40108
Lemhi,ID,16059,8027
Lewis,ID,16061,3838
Lincoln,ID,16063,5366
Madison,ID,16065,39907
Minidoka,ID,16067,21039
Nez Perce,ID,16069,40408
Oneida,ID,16071,4531
Owyhee,ID,16073,11823
Payette,ID,16075,23951
Power,ID,16077,7681
Shoshone,ID,16079,12882
Teton,ID,16081,12142
Twin Falls,ID,16083,86878
Valley,ID,16085,11392
Washington,ID,16087,10194
Adams,IL,17001,65435
Alexander,IL,17003,5761
Bond,IL,17005,16426
Boone,IL,17007,53544
Brown,IL,17009,6578
Bureau,IL,17011,32628
Calhoun,IL,17013,4739
Carroll,IL,17015,14305
Cass,IL,17017,12147
Champaign,IL,17019,209689
Christian,IL,17021,32304
Clark,IL,17023,15441
Clay,IL,17025,13184
Clinton,IL,17027,37562
Coles,IL,17029,50621
Cook,IL,17031,5150233
Crawford,IL,17033,18667
Cumberland,IL,17035,10766
DeKalb,IL,17037,104897
De Witt,IL,17039,15638
Douglas,IL,17041,19465
DuPage,IL,17043,922921
Edgar,IL,17045,17161
Edwards,IL,17047,6395
Effingham,IL,17049,34008
Fayette,IL,17051,21336
Ford,IL,17053,12961
Franklin,IL,17055,38469
Fulton,IL,17057,34340
Gallatin,IL,17059,4828
Greene,IL,17061,12969
Grundy,IL,17063,51054
Hamilton,IL,17065,8116
Hancock,IL,17067,17708
Hardin,IL,17069,3821
Henderson,IL,17071,6646
Henry,IL,17073,48913
Iroquois,IL,17075,27114
Jackson,IL,17077,56750
Jasper,IL,17079,9610
Jefferson,IL,17081,37684
Jersey,IL,17083,21773
Jo Daviess,IL,17085,21235
Johnson,IL,17087,12417
Kane,IL,17089,532403
Kankakee,IL,17091,109862
Kendall,IL,17093,128990
Knox,IL,17095,49699
Lake,IL,17097,696535
LaSalle,IL,17099,108669
Lawrence,IL,17101,15678
Lee,IL,17103,34096
Livingston,IL,17105,35648
Logan,IL,17107,28618
McDonough,IL,17109,29682
McHenry,IL,17111,307774
McLean,IL,17113,171517
Macon,IL,17115,104009
Macoupin,IL,17117,44926
Madison,IL,17119,262966
Marion,IL,17121,37205
Marshall,IL,17123,11438
Mason,IL,17125,13359
Massac,IL,17127,13772
Menard,IL,17129,12196
Mercer,IL,17131,15437
Monroe,IL,17133,34637
Montgomery,IL,17135,28414
Morgan,IL,17137,33658
Moultrie,IL,17139,14501
Ogle,IL,17141,50643
Peoria,IL,17143,179179
Perry,IL,17145,20916
Piatt,IL,17147,16344
Pike,IL,17149,15561
Pope,IL,17151,4177
Pulaski,IL,17153,5335
Putnam,IL,17155,5739
Randolph,IL,17157,31782
Richland,IL,17159,15513
Rock Island,IL,17161,141879
St. Clair,IL,17163,259686
Saline,IL,17165,23491
Sangamon,IL,17167,194672
Schuyler,IL,17169,6768
Scott,IL,17171,4951
Shelby,IL,17173,21634
Stark,IL,17175,5342
Stephenson,IL,17177,44498
Tazewell,IL,17179,131803
Union,IL,17181,16653
Vermilion,IL,17183,75758
Wabash,IL,17185,11520
Warren,IL,17187,16844
Washington,IL,17189,13887
Wayne,IL,17191,16215
White,IL,17193,13537
Whiteside,IL,17195,55175
Will,IL,17197,690743
Williamson,IL,17199,66597
Winnebago,IL,17201,282572
Woodford,IL,17203,38459
Adams,IN,18001,35777
Allen,IN,18003,379299
Bartholomew,IN,18005,83779
Benton,IN,18007,8748
Blackford,IN,18009,11758
Boone,IN,18011,67843
Brown,IN,18013,15092
Carroll,IN,18015,20257
Cass,IN,18017,37689
Clark,IN,18019,118302
Clay,IN,18021,26225
Clinton,IN,18023,32399
Crawford,IN,18025,10577
Daviess,IN,18027,33351
Dearborn,IN,18029,49458
Decatur,IN,18031,26559
DeKalb,IN,18033,43475
Delaware,IN,18035,114135
Dubois,IN,18037,42736
Elkhart,IN,18039,206341
Fayette,IN,18041,23102
Floyd,IN,18043,78522
Fountain,IN,18045,16346
Franklin,IN,18047,22758
Fulton,IN,18049,19974
Gibson,IN,18051,33659
Grant,IN,18053,65769
Greene,IN,18055,31922
Hamilton,IN,18057,338011
Hancock,IN,18059,78168
Harrison,IN,18061,40515
Hendricks,IN,18063,170311
Henry,IN,18065,47972
Howard,IN,18067,82544
Huntington,IN,18069,36520
Jackson,IN,18071,44231
Jasper,IN,18073,33562
Jay,IN,18075,20436
Jefferson,IN,18077,32308
Jennings,IN,18079,27735
Johnson,IN,18081,158167
Knox,IN,18083,36594
Kosciusko,IN,18085,79456
LaGrange,IN,18087,39614
Lake,IN,18089,485493
LaPorte,IN,18091,109888
Lawrence,IN,18093,45370
Madison,IN,18095,129569
Marion,IN,18097,964582
Marshall,IN,18099,46258
Martin,IN,18101,10255
Miami,IN,18103,35516
Monroe,IN,18105,148431
Montgomery,IN,18107,38338
Morgan,IN,18109,70489
Newton,IN,18111,13984
Noble,IN,18113,47744
Ohio,IN,18115,5875
Orange,IN,18117,19646
Owen,IN,18119,20799
Parke,IN,18121,16937
Perry,IN,18123,19169
Pike,IN,18125,12389
Porter,IN,18127,170389
Posey,IN,18129,25427
Pulaski,IN,18131,12353
Putnam,IN,18133,37576
Randolph,IN,18135,24665
Ripley,IN,18137,28324
Rush,IN,18139,16581
St. Joseph,IN,18141,271826
Scott,IN,18143,23873
Shelby,IN,18145,44729
Spencer,IN,18147,20277
Starke,IN,18149,22995
Steuben,IN,18151,34594
Sullivan,IN,18153,20669
Switzerland,IN,18155,10751
Tippecanoe,IN,18157,195732
Tipton,IN,18159,15148
Union,IN,18161,7054
Vanderburgh,IN,18163,181451
Vermillion,IN,18165,15498
Vigo,IN,18167,107038
Wabash,IN,18169,30996
Warren,IN,18171,8265
Warrick,IN,18173,62998
Washington,IN,18175,28036
Wayne,IN,18177,65884
Wells,IN,18179,28296
White,IN,18181,24102
Whitley,IN,18183,33964
Adair,IA,19001,7152
Adams,IA,19003,3602
Allamakee,IA,19005,13687
Appanoose,IA,19007,12426
Audubon,IA,19009,5496
Benton,IA,19011,25645
Black Hawk,IA,19013,131228
Boone,IA,19015,26234
Bremer,IA,19017,25062
Buchanan,IA,19019,21175
Buena Vista,IA,19021,19620
Butler,IA,19023,14439
Calhoun,IA,19025,9668
Carroll,IA,19027,20165
Cass,IA,19029,12836
Cedar,IA,19031,18627
Cerro Gordo,IA,19033,42450
Cherokee,IA,19035,11235
Chickasaw,IA,19037,11933
Clarke,IA,19039,9395
Clay,IA,19041,16016
Clayton,IA,19043,17549
Clinton,IA,19045,46429
Crawford,IA,19047,16820
Dallas,IA,19049,93453
Davis,IA,19051,9000
Decatur,IA,19053,7870
Delaware,IA,19055,17011
Des Moines,IA,19057,38967
Dickinson,IA,19059,17258
Dubuque,IA,19061,97311
Emmet,IA,19063,9208
Fayette,IA,19065,19650
Floyd,IA,19067,15642
Franklin,IA,19069,10070
Fremont,IA,19071,6960
Greene,IA,19073,8888
Grundy,IA,19075,12232
Guthrie,IA,19077,10689
Hamilton,IA,19079,14773
Hancock,IA,19081,10630
Hardin,IA,19083,16846
Harrison,IA,19085,14049
Henry,IA,19087,19954
Howard,IA,19089,9158
Humboldt,IA,19091,9558
Ida,IA,19093,6860
Iowa,IA,19095,16184
Jackson,IA,19097,19439
Jasper,IA,19099,37185
Jefferson,IA,19101,18295
Johnson,IA,19103,151140
Jones,IA,19105,20681
Keokuk,IA,19107,10246
Kossuth,IA,19109,14813
Lee,IA,19111,33657
Linn,IA,19113,226706
Louisa,IA,19115,11035
Lucas,IA,19117,8600
Lyon,IA,19119,11755
Madison,IA,19121,16338
Mahaska,IA,19123,22095
Marion,IA,19125,33253
Marshall,IA,19127,39369
Mills,IA,19129,15109
Mitchell,IA,19131,10586
Monona,IA,19133,8615
Monroe,IA,19135,7707
Montgomery,IA,19137,9917
Muscatine,IA,19139,42664
O'Brien,IA,19141,13753
Osceola,IA,19143,5958
Page,IA,19145,15107
Palo Alto,IA,19147,8886
Plymouth,IA,19149,25177
Pocahontas,IA,19151,6619
Polk,IA,19153,490161
Pottawattamie,IA,19155,93206
Poweshiek,IA,19157,18504
Ringgold,IA,19159,4894
Sac,IA,19161,9721
Scott,IA,19163,172943
Shelby,IA,19165,11454
Sioux,IA,19167,34855
Story,IA,19169,97117
Tama,IA,19171,16854
Taylor,IA,19173,6121
Union,IA,19175,12241
Van Buren,IA,19177,7044
Wapello,IA,19179,34969
Warren,IA,19181,51466
Washington,IA,19183,21965
Wayne,IA,19185,6441
Webster,IA,19187,35904
Winnebago,IA,19189,10354
Winneshiek,IA,19191,19991
Woodbury,IA,19193,103107
Worth,IA,19195,7381
Wright,IA,19197,12562
Allen,KS,20001,12369
Anderson,KS,20003,7858
Atchison,KS,20005,16073
Barber,KS,20007,4427
Barton,KS,20009,25779
Bourbon,KS,20011,14534
Brown,KS,20013,9564
Butler,KS,20015,66911
Chase,KS,20017,2648
Chautauqua,KS,20019,3250
Cherokee,KS,20021,19939
Cheyenne,KS,20023,2657
Clark,KS,20025,1994
Clay,KS,20027,8002
Cloud,KS,20029,8786
Coffey,KS,20031,8179
Comanche,KS,20033,1700
Cowley,KS,20035,34908
Crawford,KS,20037,38818
Decatur,KS,20039,2827
Dickinson,KS,20041,18466
Doniphan,KS,20043,7600
Douglas,KS,20045,122259
Edwards,KS,20047,2798
Elk,KS,20049,2530
Ellis,KS,20051,28553
Ellsworth,KS,20053,6102
Finney,KS,20055,36467
Ford,KS,20057,33619
Franklin,KS,20059,25544
Geary,KS,20061,31670
Gove,KS,20063,2636
Graham,KS,20065,2482
Grant,KS,20067,7150
Gray,KS,20069,5988
Greeley,KS,20071,1232
Greenwood,KS,20073,5982
Hamilton,KS,20075,2539
Harper,KS,20077,5436
Harvey,KS,20079,34429
Haskell,KS,20081,3968
Hodgeman,KS,20083,1794
Jackson,KS,20085,13171
Jefferson,KS,20087,19043
Jewell,KS,20089,2879
Johnson,KS,20091,602401
Kearny,KS,20093,3838
Kingman,KS,20095,7152
Kiowa,KS,20097,2475
Labette,KS,20099,19618
Lane,KS,20101,1535
Leavenworth,KS,20103,81758
Lincoln,KS,20105,2962
Linn,KS,20107,9703
Logan,KS,20109,2794
Lyon,KS,20111,33195
McPherson,KS,20113,28542
Marion,KS,20115,11884
Marshall,KS,20117,9707
Meade,KS,20119,4033
Miami,KS,20121,34237
Mitchell,KS,20123,5979
Montgomery,KS,20125,31829
Morris,KS,20127,5620
Morton,KS,20129,2587
Nemaha,KS,20131,10231
Neosho,KS,20133,16007
Ness,KS,20135,2750
Norton,KS,20137,5361
Osage,KS,20139,15949
Osborne,KS,20141,3421
Ottawa,KS,20143,5704
Pawnee,KS,20145,6414
Phillips,KS,20147,5234
Pottawatomie,KS,20149,24383
Pratt,KS,20151,9164
Reno,KS,20155,61998
Republic,KS,20157,4636
Rice,KS,20159,9537
Riley,KS,20161,74232
Rooks,KS,20163,4920
Rush,KS,20165,3036
Russell,KS,20167,6856
Saline,KS,20169,54224
Scott,KS,20171,4823
Sedgwick,KS,20173,516042
Seward,KS,20175,21428
Shawnee,KS,20177,176875
Sheridan,KS,20179,2521
Sherman,KS,20181,5917
Smith,KS,20183,3583
Stafford,KS,20185,4156
Stanton,KS,20187,2006
Stevens,KS,20189,5485
Sumner,KS,20191,22836
Thomas,KS,20193,7777
Trego,KS,20195,2803
Wabaunsee,KS,20197,6931
Washington,KS,20201,5406
Wilson,KS,20205,8525
Woodson,KS,20207,3138
Wyandotte,KS,20209,165429
Adair,KY,21001,19202
Allen,KY,21003,21315
Anderson,KY,21005,22747
Ballard,KY,21007,7888
Barren,KY,21009,44249
Bath,KY,21011,12500
Bell,KY,21013,26032
Boone,KY,21015,133581
Bourbon,KY,21017,19788
Boyd,KY,21019,46718
Boyle,KY,21021,30060
Bracken,KY,21023,8303
Breathitt,KY,21025,12630
Breckinridge,KY,21027,20477
Bullitt,KY,21029,81676
Butler,KY,21031,12879
Caldwell,KY,21033,12747
Calloway,KY,21035,39001
Campbell,KY,21037,93584
Carlisle,KY,21039,4760
Carroll,KY,21041,10631
Carter,KY,21043,26797
Casey,KY,21045,16159
Christian,KY,21047,70461
Clark,KY,21049,36263
Clay,KY,21051,19901
Clinton,KY,21053,10218
Crittenden,KY,21055,8806
Cumberland,KY,21057,6614
Daviess,KY,21059,101511
Edmonson,KY,21061,12150
Elliott,KY,21063,7517
Estill,KY,21065,14106
Fayette,KY,21067,323152
Fleming,KY,21069,14581
Floyd,KY,21071,35589
Franklin,KY,21073,50991
Fulton,KY,21075,5969
Gallatin,KY,21077,8869
Garrard,KY,21079,17666
Grant,KY,21081,25069
Graves,KY,21083,37266
Grayson,KY,21085,26427
Green,KY,21087,10941
Greenup,KY,21089,35098
Hancock,KY,21091,8722
Hardin,KY,21093,110958
Harlan,KY,21095,26010
Harrison,KY,21097,18886
Hart,KY,21099,19035
Henderson,KY,21101,45210
Henry,KY,21103,16126
Hickman,KY,21105,4380
Hopkins,KY,21107,44686
Jackson,KY,21109,13329
Jefferson,KY,21111,766757
Jessamine,KY,21113,54115
Johnson,KY,21115,22188
Kenton,KY,21117,166998
Knott,KY,21119,14806
Knox,KY,21121,31145
Larue,KY,21123,14398
Laurel,KY,21125,60813
Lawrence,KY,21127,15317
Lee,KY,21129,7403
Leslie,KY,21131,9877
Letcher,KY,21133,21553
Lewis,KY,21135,13275
Lincoln,KY,21137,24549
Livingston,KY,21139,9194
Logan,KY,21141,27102
Lyon,KY,21143,8210
McCracken,KY,21145,65418
McCreary,KY,21147,17231
McLean,KY,21149,9207
Madison,KY,21151,92987
Magoffin,KY,21153,12161
Marion,KY,21155,19273
Marshall,KY,21157,31100
Martin,KY,21159,11195
Mason,KY,21161,17070
Meade,KY,21163,28572
Menifee,KY,21165,6489
Mercer,KY,21167,21933
Metcalfe,KY,21169,10071
Monroe,KY,21171,10650
Montgomery,KY,21173,28157
Morgan,KY,21175,13309
Muhlenberg,KY,21177,30622
Nelson,KY,21179,46233
Nicholas,KY,21181,7269
Ohio,KY,21183,23994
Oldham,KY,21185,66799
Owen,KY,21187,10901
Owsley,KY,21189,4415
Pendleton,KY,21191,14590
Perry,KY,21193,25758
Pike,KY,21195,57876
Powell,KY,21197,12359
Pulaski,KY,21199,64979
Robertson,KY,21201,2108
Rockcastle,KY,21203,16695
Rowan,KY,21205,24460
Russell,KY,21207,17923
Scott,KY,21209,57004
Shelby,KY,21211,49024
Simpson,KY,21213,18572
Spencer,KY,21215,19351
Taylor,KY,21217,25769
Todd,KY,21219,12294
Trigg,KY,21221,14651
Trimble,KY,21223,8471
Union,KY,21225,14381
Warren,KY,21227,132896
Washington,KY,21229,12095
Wayne,KY,21231,20333
Webster,KY,21233,12942
Whitley,KY,21235,36264
Wolfe,KY,21237,7157
Woodford,KY,21239,26734
Acadia,LA,22001,62045
Allen,LA,22003,25627
Ascension,LA,22005,126604
Assumption,LA,22007,21891
Avoyelles,LA,22009,40144
Beauregard,LA,22011,37497
Bienville,LA,22013,13241
Bossier,LA,22015,127039
Caddo,LA,22017,240204
Calcasieu,LA,22019,203436
Caldwell,LA,22021,9918
Cameron,LA,22023,6973
Catahoula,LA,22025,9494
Claiborne,LA,22027,15670
Concordia,LA,22029,19259
De Soto,LA,22031,27463
East Baton Rouge,LA,22033,440059
East Carroll,LA,22035,6861
East Feliciana,LA,22037,19135
Evangeline,LA,22039,33395
Franklin,LA,22041,20015
Grant,LA,22043,22389
Iberia,LA,22045,69830
Iberville,LA,22047,32511
Jackson,LA,22049,15744
Jefferson,LA,22051,432493
Jefferson Davis,LA,22053,31368
Lafayette,LA,22055,244390
Lafourche,LA,22057,97614
LaSalle,LA,22059,14892
Lincoln,LA,22061,46742
Livingston,LA,22063,140789
Madison,LA,22065,10951
Morehouse,LA,22067,24874
Natchitoches,LA,22069,38158
Orleans,LA,22071,390144
Ouachita,LA,22073,153279
Plaquemines,LA,22075,23197
Pointe Coupee,LA,22077,21730
Rapides,LA,22079,129648
Red River,LA,22081,8442
Richland,LA,22083,20122
Sabine,LA,22085,23884
St. Bernard,LA,22087,47244
St. Charles,LA,22089,53100
St. Helena,LA,22091,10132
St. James,LA,22093,21096
St. John the Baptist,LA,22095,42837
St. Landry,LA,22097,82124
St. Martin,LA,22099,53431
St. Mary,LA,22101,49348
St. Tammany,LA,22103,260419
Tangipahoa,LA,22105,134758
Tensas,LA,22107,4334
Terrebonne,LA,22109,110461
Union,LA,22111,22108
Vermilion,LA,22113,59511
Vernon,LA,22115,47429
Washington,LA,22117,46194
Webster,LA,22119,38340
West Baton Rouge,LA,22121,26465
West Carroll,LA,22123,10830
West Feliciana,LA,22125,15568
Winn,LA,22127,13904
Androscoggin,ME,23001,108277
Aroostook,ME,23003,67055
Cumberland,ME,23005,295003
Franklin,ME,23007,30199
Hancock,ME,23009,54987
Kennebec,ME,23011,122302
Knox,ME,23013,39772
Lincoln,ME,23015,34634
Oxford,ME,23017,57975
Penobscot,ME,23019,152148
Piscataquis,ME,23021,16785
Sagadahoc,ME,23023,35856
Somerset,ME,23025,50484
Waldo,ME,23027,39715
Washington,ME,23029,31379
York,ME,23031,207641
Allegany,MD,24001,70416
Anne Arundel,MD,24003,579234
Baltimore,MD,24005,827370
Calvert,MD,24009,92525
Caroline,MD,24011,33406
Carroll,MD,24013,168447
Cecil,MD,24015,102855
Charles,MD,24017,163257
Dorchester,MD,24019,31929
Frederick,MD,24021,259547
Garrett,MD,24023,29014
Harford,MD,24025,255441
Howard,MD,24027,325690
Kent,MD,24029,19422
Montgomery,MD,24031,1050688
Prince George's,MD,24033,909327
Queen Anne's,MD,24035,50381
St. Mary's,MD,24037,113510
Somerset,MD,24039,25616
Talbot,MD,24041,37181
Washington,MD,24043,151049
Wicomico,MD,24045,103609
Worcester,MD,24047,52276
Baltimore city,MD,24510,593490
Barnstable,MA,25001,212990
Berkshire,MA,25003,124944
Bristol,MA,25005,565217
Dukes,MA,25007,17332
Essex,MA,25009,789034
Franklin,MA,25011,70180
Hampden,MA,25013,466372
Hampshire,MA,25015,160830
Middlesex,MA,25017,1611699
Nantucket,MA,25019,11399
Norfolk,MA,25021,706775
Plymouth,MA,25023,521202
Suffolk,MA,25025,803907
Worcester,MA,25027,830622
Alcona,MI,26001,10405
Alger,MI,26003,9108
Allegan,MI,26005,118081
Alpena,MI,26007,28405
Antrim,MI,26009,23324
Arenac,MI,26011,14883
Baraga,MI,26013,8209
Barry,MI,26015,61550
Bay,MI,26017,103126
Benzie,MI,26019,17766
Berrien,MI,26021,153401
Branch,MI,26023,43517
Calhoun,MI,26025,134159
Cass,MI,26027,51787
Charlevoix,MI,26029,26143
Cheboygan,MI,26031,25276
Chippewa,MI,26033,37349
Clare,MI,26035,30950
Clinton,MI,26037,79595
Crawford,MI,26039,14029
Delta,MI,26041,35784
Dickinson,MI,26043,25239
Eaton,MI,26045,110268
Emmet,MI,26047,33415
Genesee,MI,26049,405813
Gladwin,MI,26051,25449
Gogebic,MI,26053,13975
Grand Traverse,MI,26055,93088
Gratiot,MI,26057,40711
Hillsdale,MI,26059,45605
Houghton,MI,26061,35684
Huron,MI,26063,30981
Ingham,MI,26065,292406
Ionia,MI,26067,64697
Iosco,MI,26069,25127
Iron,MI,26071,11066
Isabella,MI,26073,69872
Jackson,MI,26075,158510
Kalamazoo,MI,26077,265066
Kalkaska,MI,26079,18038
Kent,MI,26081,656955
Keweenaw,MI,26083,2116
Lake,MI,26085,11853
Lapeer,MI,26087,87607
Leelanau,MI,26089,21761
Lenawee,MI,26091,98451
Livingston,MI,26093,191995
Luce,MI,26095,6229
Mackinac,MI,26097,10799
Macomb,MI,26099,873972
Manistee,MI,26101,24558
Marquette,MI,26103,66699
Mason,MI,26105,29144
Mecosta,MI,26107,43453
Menominee,MI,26109,22780
Midland,MI,26111,83156
Missaukee,MI,26113,15118
Monroe,MI,26115,150500
Montcalm,MI,26117,63888
Montmorency,MI,26119,9328
Muskegon,MI,26121,173566
Newaygo,MI,26123,48980
Oakland,MI,26125,1257584
Oceana,MI,26127,26467
Ogemaw,MI,26129,20997
Ontonagon,MI,26131,5720
Osceola,MI,26133,23460
Oscoda,MI,26135,8241
Otsego,MI,26137,24668
Ottawa,MI,26139,291830
Presque Isle,MI,26141,12592
Roscommon,MI,26143,24019
Saginaw,MI,26145,190539
St. Clair,MI,26147,159128
St. Joseph,MI,26149,60964
Sanilac,MI,26151,41170
Schoolcraft,MI,26153,8094
Shiawassee,MI,26155,68122
Tuscola,MI,26157,52245
Van Buren,MI,26159,75677
Washtenaw,MI,26161,367601
Wayne,MI,26163,1749343
Wexford,MI,26165,33631
Aitkin,MN,27001,15886
Anoka,MN,27003,356921
Becker,MN,27005,34423
Beltrami,MN,27007,47188
Benton,MN,27009,40889
Big Stone,MN,27011,4991
Blue Earth,MN,27013,67653
Brown,MN,27015,25008
Carlton,MN,27017,35871
Carver,MN,27019,105089
Cass,MN,27021,29779
Chippewa,MN,27023,11800
Chisago,MN,27025,56579
Clay,MN,27027,64222
Clearwater,MN,27029,8818
Cook,MN,27031,5463
Cottonwood,MN,27033,11196
Crow Wing,MN,27035,65055
Dakota,MN,27037,429021
Dodge,MN,27039,20934
Douglas,MN,27041,38141
Faribault,MN,27043,13653
Fillmore,MN,27045,21067
Freeborn,MN,27047,30281
Goodhue,MN,27049,46340
Grant,MN,27051,5972
Hennepin,MN,27053,1265843
Houston,MN,27055,18600
Hubbard,MN,27057,21491
Isanti,MN,27059,40596
Itasca,MN,27061,45130
Jackson,MN,27063,9846
Kanabec,MN,27065,16337
Kandiyohi,MN,27067,43199
Kittson,MN,27069,4298
Koochiching,MN,27071,12229
Lac qui Parle,MN,27073,6623
Lake,MN,27075,10641
Le Sueur,MN,27079,28887
Lincoln,MN,27081,5639
Lyon,MN,27083,25474
McLeod,MN,27085,35893
Mahnomen,MN,27087,5527
Marshall,MN,27089,9336
Martin,MN,27091,19683
Meeker,MN,27093,23222
Mille Lacs,MN,27095,26277
Morrison,MN,27097,33386
Mower,MN,27099,40062
Murray,MN,27101,8194
Nicollet,MN,27103,34274
Nobles,MN,27105,21629
Norman,MN,27107,6375
Olmsted,MN,27109,158293
Otter Tail,MN,27111,58746
Pennington,MN,27113,14119
Pine,MN,27115,29579
Pipestone,MN,27117,9126
Polk,MN,27119,31364
Pope,MN,27121,11249
Ramsey,MN,27123,550321
Red Lake,MN,27125,4055
Redwood,MN,27127,15170
Renville,MN,27129,14548
Rice,MN,27131,66972
Rock,MN,27133,9315
Roseau,MN,27135,15165
St. Louis,MN,27137,199070
Scott,MN,27139,149013
Sherburne,MN,27141,97238
Sibley,MN,27143,14865
Stearns,MN,27145,161075
Steele,MN,27147,36649
Stevens,MN,27149,9805
Swift,MN,27151,9266
Todd,MN,27153,24664
Traverse,MN,27155,3259
Wabasha,MN,27157,21627
Wadena,MN,27159,13682
Waseca,MN,27161,18612
Washington,MN,27163,262440
Watonwan,MN,27165,10897
Wilkin,MN,27167,6207
Winona,MN,27169,50484
Wright,MN,27171,138377
Yellow Medicine,MN,27173,9709
Adams,MS,28001,30693
Alcorn,MS,28003,36953
Amite,MS,28005,12297
Attala,MS,28007,18174
Benton,MS,28009,8259
Bolivar,MS,28011,30628
Calhoun,MS,28013,14361
Carroll,MS,28015,9947
Chickasaw,MS,28017,17103
Choctaw,MS,28019,8210
Claiborne,MS,28021,8988
Clarke,MS,28023,15541
Clay,MS,28025,19316
Coahoma,MS,28027,22124
Copiah,MS,28029,28065
Covington,MS,28031,18636
DeSoto,MS,28033,184945
Forrest,MS,28035,74897
Franklin,MS,28037,7713
George,MS,28039,24500
Greene,MS,28041,13586
Grenada,MS,28043,20758
Hancock,MS,28045,47632
Harrison,MS,28047,208080
Hinds,MS,28049,231840
Holmes,MS,28051,17010
Humphreys,MS,28053,8064
Issaquena,MS,28055,1327
Itawamba,MS,28057,23390
Jackson,MS,28059,143617
Jasper,MS,28061,16383
Jefferson,MS,28063,6990
Jefferson Davis,MS,28065,11128
Jones,MS,28067,68098
Kemper,MS,28069,9742
Lafayette,MS,28071,54019
Lamar,MS,28073,63343
Lauderdale,MS,28075,74125
Lawrence,MS,28077,12586
Leake,MS,28079,22786
Lee,MS,28081,85436
Leflore,MS,28083,28183
Lincoln,MS,28085,34153
Lowndes,MS,28087,58595
Madison,MS,28089,106272
Marion,MS,28091,24573
Marshall,MS,28093,35294
Monroe,MS,28095,35252
Montgomery,MS,28097,9775
Neshoba,MS,28099,29118
Newton,MS,28101,21018
Noxubee,MS,28103,10417
Oktibbeha,MS,28105,49587
Panola,MS,28107,34192
Pearl River,MS,28109,55535
Perry,MS,28111,11973
Pike,MS,28113,39288
Pontotoc,MS,28115,32174
Prentiss,MS,28117,25126
Quitman,MS,28119,6792
Rankin,MS,28121,155271
Scott,MS,28123,28124
Sharkey,MS,28125,4321
Simpson,MS,28127,26658
Smith,MS,28129,15916
Stone,MS,28131,18336
Sunflower,MS,28133,25110
Tallahatchie,MS,28135,13809
Tate,MS,28137,28321
Tippah,MS,28139,22015
Tishomingo,MS,28141,19383
Tunica,MS,28143,9632
Union,MS,28145,28815
Walthall,MS,28147,14286
Warren,MS,28149,45381
Washington,MS,28151,43909
Wayne,MS,28153,20183
Webster,MS,28155,9689
Wilkinson,MS,28157,8630
Winston,MS,28159,17955
Yalobusha,MS,28161,12108
Yazoo,MS,28163,29690
Adair,MO,29001,25343
Andrew,MO,29003,17712
Atchison,MO,29005,5143
Audrain,MO,29007,25388
Barry,MO,29009,35789
Barton,MO,29011,11754
Bates,MO,29013,16172
Benton,MO,29015,19443
Bollinger,MO,29017,12133
Boone,MO,29019,180463
Buchanan,MO,29021,87364
Butler,MO,29023,42478
Caldwell,MO,29025,9020
Callaway,MO,29027,44743
Camden,MO,29029,46305
Cape Girardeau,MO,29031,78871
Carroll,MO,29033,8679
Carter,MO,29035,5982
Cedar,MO,29039,14349
Chariton,MO,29041,7426
Christian,MO,29043,88595
Clark,MO,29045,6797
Clinton,MO,29049,20387
Cole,MO,29051,76745
Cooper,MO,29053,17709
Crawford,MO,29055,23920
Dade,MO,29057,7561
Dallas,MO,29059,16878
Daviess,MO,29061,8278
DeKalb,MO,29063,12547
Dent,MO,29065,15573
Douglas,MO,29067,13185
Dunklin,MO,29069,29131
Franklin,MO,29071,103967
Gasconade,MO,29073,14706
Gentry,MO,29075,6571
Greene,MO,29077,293086
Grundy,MO,29079,9850
Harrison,MO,29081,8352
Henry,MO,29083,21824
Hickory,MO,29085,9544
Holt,MO,29087,4403
Howard,MO,29089,10001
Howell,MO,29091,40117
Iron,MO,29093,10125
Jefferson,MO,29099,225081
Johnson,MO,29101,54062
Knox,MO,29103,3959
Laclede,MO,29105,35723
Lafayette,MO,29107,32708
Lawrence,MO,29109,38355
Lewis,MO,29111,9776
Lincoln,MO,29113,59013
Linn,MO,29115,11920
Livingston,MO,29117,15227
McDonald,MO,29119,22837
Macon,MO,29121,15117
Madison,MO,29123,12088
Maries,MO,29125,8697
Marion,MO,29127,28530
Mercer,MO,29129,3617
Miller,MO,29131,25619
Mississippi,MO,29133,13180
Moniteau,MO,29135,16132
Monroe,MO,29137,8644
Montgomery,MO,29139,11551
Morgan,MO,29141,20627
New Madrid,MO,29143,17076
Nodaway,MO,29147,22092
Oregon,MO,29149,10529
Osage,MO,29151,13615
Ozark,MO,29153,9174
Pemiscot,MO,29155,15805
Perry,MO,29157,19136
Pettis,MO,29159,42339
Phelps,MO,29161,44573
Pike,MO,29163,18302
Polk,MO,29167,32149
Pulaski,MO,29169,52607
Putnam,MO,29171,4696
Ralls,MO,29173,10309
Randolph,MO,29175,24748
Ray,MO,29177,23018
Reynolds,MO,29179,6270
Ripley,MO,29181,13288
St. Charles,MO,29183,402022
St. Clair,MO,29185,9397
Ste. Genevieve,MO,29186,17894
St. Francois,MO,29187,67215
St. Louis,MO,29189,994205
Saline,MO,29195,22761
Schuyler,MO,29197,4660
Scotland,MO,29199,4902
Scott,MO,29201,38280
Shannon,MO,29203,8166
Shelby,MO,29205,5930
Stoddard,MO,29207,29025
Stone,MO,29209,31952
Sullivan,MO,29211,6089
Taney,MO,29213,55928
Texas,MO,29215,25398
Vernon,MO,29217,20563
Warren,MO,29219,35649
Washington,MO,29221,24730
Wayne,MO,29223,12873
Webster,MO,29225,39592
Worth,MO,29227,2013
Wright,MO,29229,18289
St. Louis city,MO,29510,300576
Joplin,MO,29011,179564
Cass,MO,29037,1163157
Clay,MO,29047,1163157
Jackson,MO,29095,1163157
Kansas City,MO,29025,1163157
Platte,MO,29165,1163157
Beaverhead,MT,30001,9453
Big Horn,MT,30003,13319
Broadwater,MT,30007,6237
Carbon,MT,30009,10725
Cascade,MT,30013,81366
Custer,MT,30017,11402
Dawson,MT,30021,8613
Deer Lodge,MT,30023,9140
Fallon,MT,30025,2846
Fergus,MT,30027,11050
Flathead,MT,30029,103806
Gallatin,MT,30031,114434
Garfield,MT,30033,1258
Glacier,MT,30035,13753
Golden Valley,MT,30037,821
Granite,MT,30039,3379
Hill,MT,30041,16484
Jefferson,MT,30043,12221
Lake,MT,30047,30458
Lewis and Clark,MT,30049,69432
Liberty,MT,30051,2337
Lincoln,MT,30053,19980
Madison,MT,30057,8600
Meagher,MT,30059,1862
Missoula,MT,30063,119600
Musselshell,MT,30065,4633
Park,MT,30067,16606
Pondera,MT,30073,5911
Ravalli,MT,30081,43806
Richland,MT,30083,10803
Roosevelt,MT,30085,11004
Rosebud,MT,30087,8937
Sanders,MT,30089,12113
Sheridan,MT,30091,3309
Silver Bow,MT,30093,34915
Stillwater,MT,30095,9642
Sweet Grass,MT,30097,3737
Teton,MT,30099,6147
Toole,MT,30101,4736
Treasure,MT,30103,696
Valley,MT,30105,7396
Wheatland,MT,30107,2126
Wibaux,MT,30109,969
Yellowstone,MT,30111,161300
Adams,NE,31001,31363
Antelope,NE,31003,6298
Banner,NE,31007,745
Boone,NE,31011,5192
Box Butte,NE,31013,10783
Boyd,NE,31015,1919
Buffalo,NE,31019,49659
Burt,NE,31021,6459
Butler,NE,31023,8016
Cass,NE,31025,26248
Cedar,NE,31027,8402
Chase,NE,31029,3924
Cherry,NE,31031,5689
Cheyenne,NE,31033,8910
Clay,NE,31035,6203
Colfax,NE,31037,10709
Cuming,NE,31039,8846
Custer,NE,31041,10777
Dakota,NE,31043,20026
Dawes,NE,31045,8589
Dawson,NE,31047,23595
Deuel,NE,31049,1794
Dixon,NE,31051,5636
Dodge,NE,31053,36565
Douglas,NE,31055,571327
Fillmore,NE,31059,5462
Franklin,NE,31061,2979
Frontier,NE,31063,2627
Furnas,NE,31065,4676
Gage,NE,31067,21513
Garden,NE,31069,1837
Garfield,NE,31071,1969
Gosper,NE,31073,1990
Greeley,NE,31077,2356
Hall,NE,31079,61353
Hamilton,NE,31081,9324
Harlan,NE,31083,3380
Hitchcock,NE,31087,2762
Holt,NE,31089,10067
Hooker,NE,31091,682
Howard,NE,31093,6445
Jefferson,NE,31095,7046
Johnson,NE,31097,5071
Kearney,NE,31099,6495
Keith,NE,31101,8034
Kimball,NE,31105,3632
Knox,NE,31107,8332
Lancaster,NE,31109,319090
Lincoln,NE,31111,34914
McPherson,NE,31117,494
Madison,NE,31119,35099
Merrick,NE,31121,7755
Morrill,NE,31123,4642
Nance,NE,31125,3519
Nemaha,NE,31127,6972
Nuckolls,NE,31129,4148
Otoe,NE,31131,16012
Pawnee,NE,31133,2613
Phelps,NE,31137,9034
Pierce,NE,31139,7148
Platte,NE,31141,33470
Polk,NE,31143,5213
Red Willow,NE,31145,10724
Richardson,NE,31147,7865
Rock,NE,31149,1357
Saline,NE,31151,14224
Sarpy,NE,31153,187196
Saunders,NE,31155,21578
Scotts Bluff,NE,31157,35618
Seward,NE,31159,17284
Sheridan,NE,31161,5246
Sherman,NE,31163,3001
Sioux,NE,31165,1166
Stanton,NE,31167,5920
Thayer,NE,31169,5003
Thomas,NE,31171,722
Thurston,NE,31173,7224
Valley,NE,31175,4158
Washington,NE,31177,20729
Wayne,NE,31179,9385
Webster,NE,31181,3487
York,NE,31185,13679
Churchill,NV,32001,24909
Clark,NV,32003,2266715
Douglas,NV,32005,48905
Elko,NV,32007,52778
Eureka,NV,32011,2029
Humboldt,NV,32013,16831
Lander,NV,32015,5532
Lincoln,NV,32017,5183
Lyon,NV,32019,57510
Mineral,NV,32021,4505
Nye,NV,32023,46523
Pershing,NV,32027,6725
Storey,NV,32029,4123
Washoe,NV,32031,471519
White Pine,NV,32033,9580
Carson City,NV,32510,55916
Belknap,NH,33001,61303
Carroll,NH,33003,48910
Cheshire,NH,33005,76085
Coos,NH,33007,31563
Grafton,NH,33009,89886
Hillsborough,NH,33011,417025
Merrimack,NH,33013,151391
Rockingham,NH,33015,309769
Strafford,NH,33017,130633
Sullivan,NH,33019,43146
Atlantic,NJ,34001,263670
Bergen,NJ,34003,932202
Burlington,NJ,34005,445349
Camden,NJ,34007,506471
Cape May,NJ,34009,92039
Cumberland,NJ,34011,149527
Essex,NJ,34013,798975
Gloucester,NJ,34015,291636
Hudson,NJ,34017,672391
Hunterdon,NJ,34019,124371
Mercer,NJ,34021,367430
Middlesex,NJ,34023,825062
Monmouth,NJ,34025,618795
Morris,NJ,34027,491845
Ocean,NJ,34029,607186
Passaic,NJ,34031,501826
Salem,NJ,34033,62385
Somerset,NJ,34035,328934
Sussex,NJ,34037,140488
Union,NJ,34039,556341
Warren,NJ,34041,105267
Bernalillo,NM,35001,679121
Catron,NM,35003,3527
Chaves,NM,35005,64615
Cibola,NM,35006,26675
Colfax,NM,35007,11941
Curry,NM,35009,48954
Doña Ana,NM,35013,218195
Eddy,NM,35015,58460
Grant,NM,35017,26998
Guadalupe,NM,35019,4300
Harding,NM,35021,625
Hidalgo,NM,35023,4198
Lea,NM,35025,71070
Lincoln,NM,35027,19572
Los Alamos,NM,35028,19369
Luna,NM,35029,23709
McKinley,NM,35031,71367
Mora,NM,35033,4521
Otero,NM,35035,67490
Quay,NM,35037,8253
Rio Arriba,NM,35039,38921
Roosevelt,NM,35041,18500
Sandoval,NM,35043,146748
San Juan,NM,35045,123958
San Miguel,NM,35047,27277
Santa Fe,NM,35049,150358
Sierra,NM,35051,10791
Socorro,NM,35053,16637
Taos,NM,35055,32723
Torrance,NM,35057,15461
Union,NM,35059,4059
Valencia,NM,35061,76688
Albany,NY,36001,305506
Allegany,NY,36003,46091
Broome,NY,36007,190488
Cattaraugus,NY,36009,76117
Cayuga,NY,36011,76576
Chautauqua,NY,36013,126903
Chemung,NY,36015,83456
Chenango,NY,36017,47207
Clinton,NY,36019,80485
Columbia,NY,36021,59461
Cortland,NY,36023,47581
Delaware,NY,36025,44135
Dutchess,NY,36027,294218
Erie,NY,36029,918702
Essex,NY,36031,36885
Franklin,NY,36033,50022
Fulton,NY,36035,53383
Genesee,NY,36037,57280
Greene,NY,36039,47188
Hamilton,NY,36041,4416
Herkimer,NY,36043,61319
Jefferson,NY,36045,109834
Lewis,NY,36049,26296
Livingston,NY,36051,62914
Madison,NY,36053,70941
Monroe,NY,36055,741770
Montgomery,NY,36057,49221
Nassau,NY,36059,1356924
Niagara,NY,36063,209281
Oneida,NY,36065,228671
Onondaga,NY,36067,460528
Ontario,NY,36069,109777
Orange,NY,36071,384940
Orleans,NY,36073,40352
Oswego,NY,36075,117124
Otsego,NY,36077,59493
Putnam,NY,36079,98320
Rensselaer,NY,36083,158714
Rockland,NY,36087,325789
St. Lawrence,NY,36089,107740
Saratoga,NY,36091,229863
Schenectady,NY,36093,155299
Schoharie,NY,36095,30999
Schuyler,NY,36097,17807
Seneca,NY,36099,34016
Steuben,NY,36101,95379
Suffolk,NY,36103,1476601
Sullivan,NY,36105,75432
Tioga,NY,36107,48203
Tompkins,NY,36109,102180
Ulster,NY,36111,177573
Warren,NY,36113,63944
Washington,NY,36115,61204
Wayne,NY,36117,89918
Westchester,NY,36119,967506
Wyoming,NY,36121,39859
Yates,NY,36123,24913
New York City,NY,36061,8336817
Alamance,NC,37001,169509
Alexander,NC,37003,37497
Alleghany,NC,37005,11137
Anson,NC,37007,24446
Ashe,NC,37009,27203
Avery,NC,37011,17557
Beaufort,NC,37013,46994
Bertie,NC,37015,18947
Bladen,NC,37017,32722
Brunswick,NC,37019,142820
Buncombe,NC,37021,261191
Burke,NC,37023,90485
Cabarrus,NC,37025,216453
Caldwell,NC,37027,82178
Camden,NC,37029,10867
Carteret,NC,37031,69473
Caswell,NC,37033,22604
Catawba,NC,37035,159551
Chatham,NC,37037,74470
Cherokee,NC,37039,28612
Chowan,NC,37041,13943
Clay,NC,37043,11231
Cleveland,NC,37045,97947
Columbus,NC,37047,55508
Craven,NC,37049,102139
Cumberland,NC,37051,335509
Currituck,NC,37053,27763
Dare,NC,37055,37009
Davidson,NC,37057,167609
Davie,NC,37059,42846
Duplin,NC,37061,58741
Durham,NC,37063,321488
Edgecombe,NC,37065,51472
Forsyth,NC,37067,382295
Franklin,NC,37069,69685
Gaston,NC,37071,224529
Gates,NC,37073,11562
Graham,NC,37075,8441
Granville,NC,37077,60443
Greene,NC,37079,21069
Guilford,NC,37081,537174
Halifax,NC,37083,50010
Harnett,NC,37085,135976
Haywood,NC,37087,62317
Henderson,NC,37089,117417
Hertford,NC,37091,23677
Hoke,NC,37093,55234
Hyde,NC,37095,4937
Iredell,NC,37097,181806
Jackson,NC,37099,43938
Johnston,NC,37101,209339
Jones,NC,37103,9419
Lee,NC,37105,61779
Lenoir,NC,37107,55949
Lincoln,NC,37109,86111
McDowell,NC,37111,45756
Macon,NC,37113,35858
Madison,NC,37115,21755
Martin,NC,37117,22440
Mecklenburg,NC,37119,1110356
Mitchell,NC,37121,14964
Montgomery,NC,37123,27173
Moore,NC,37125,100880
Nash,NC,37127,94298
New Hanover,NC,37129,234473
Northampton,NC,37131,19483
Onslow,NC,37133,197938
Orange,NC,37135,148476
Pamlico,NC,37137,12726
Pasquotank,NC,37139,39824
Pender,NC,37141,63060
Perquimans,NC,37143,13463
Person,NC,37145,39490
Pitt,NC,37147,180742
Polk,NC,37149,20724
Randolph,NC,37151,143667
Richmond,NC,37153,44829
Robeson,NC,37155,130625
Rockingham,NC,37157,91010
Rowan,NC,37159,142088
Rutherford,NC,37161,67029
Sampson,NC,37163,63531
Scotland,NC,37165,34823
Stanly,NC,37167,62806
Stokes,NC,37169,45591
Surry,NC,37171,71783
Swain,NC,37173,14271
Transylvania,NC,37175,34385
Tyrrell,NC,37177,4016
Union,NC,37179,239859
Vance,NC,37181,44535
Wake,NC,37183,1111761
Warren,NC,37185,19731
Washington,NC,37187,11580
Watauga,NC,37189,56177
Wayne,NC,37191,123131
Wilkes,NC,37193,68412
Wilson,NC,37195,81801
Yadkin,NC,37197,37667
Yancey,NC,37199,18069
Barnes,ND,38003,10415
Benson,ND,38005,6832
Billings,ND,38007,928
Bottineau,ND,38009,6282
Bowman,ND,38011,3024
Burke,ND,38013,2115
Burleigh,ND,38015,95626
Cass,ND,38017,181923
Cavalier,ND,38019,3762
Dickey,ND,38021,4872
Divide,ND,38023,2264
Dunn,ND,38025,4424
Eddy,ND,38027,2287
Emmons,ND,38029,3241
Foster,ND,38031,3210
Golden Valley,ND,38033,1761
Grand Forks,ND,38035,69451
Grant,ND,38037,2274
Griggs,ND,38039,2231
Hettinger,ND,38041,2499
Kidder,ND,38043,2480
LaMoure,ND,38045,4046
Logan,ND,38047,1850
McHenry,ND,38049,5745
McIntosh,ND,38051,2497
McKenzie,ND,38053,15024
McLean,ND,38055,9450
Mercer,ND,38057,8187
Morton,ND,38059,31364
Mountrail,ND,38061,10545
Nelson,ND,38063,2879
Oliver,ND,38065,1959
Pembina,ND,38067,6801
Pierce,ND,38069,3975
Ramsey,ND,38071,11519
Ransom,ND,38073,5218
Renville,ND,38075,2327
Richland,ND,38077,16177
Rolette,ND,38079,14176
Sargent,ND,38081,3898
Sheridan,ND,38083,1315
Sioux,ND,38085,4230
Slope,ND,38087,750
Stark,ND,38089,31489
Steele,ND,38091,1890
Stutsman,ND,38093,20704
Towner,ND,38095,2189
Traill,ND,38097,8036
Walsh,ND,38099,10641
Ward,ND,38101,67641
Wells,ND,38103,3834
Williams,ND,38105,37589
Adams,OH,39001,27698
Allen,OH,39003,102351
Ashland,OH,39005,53484
Ashtabula,OH,39007,97241
Athens,OH,39009,65327
Auglaize,OH,39011,45656
Belmont,OH,39013,67006
Brown,OH,39015,43432
Butler,OH,39017,383134
Carroll,OH,39019,26914
Champaign,OH,39021,38885
Clark,OH,39023,134083
Clermont,OH,39025,206428
Clinton,OH,39027,41968
Columbiana,OH,39029,101883
Coshocton,OH,39031,36600
Crawford,OH,39033,41494
Cuyahoga,OH,39035,1235072
Darke,OH,39037,51113
Defiance,OH,39039,38087
Delaware,OH,39041,209177
Erie,OH,39043,74266
Fairfield,OH,39045,157574
Fayette,OH,39047,28525
Franklin,OH,39049,1316756
Fulton,OH,39051,42126
Gallia,OH,39053,29898
Geauga,OH,39055,93649
Greene,OH,39057,168937
Guernsey,OH,39059,38875
Hamilton,OH,39061,817473
Hancock,OH,39063,75783
Hardin,OH,39065,31365
Harrison,OH,39067,15040
Henry,OH,39069,27006
Highland,OH,39071,43161
Hocking,OH,39073,28264
Holmes,OH,39075,43960
Huron,OH,39077,58266
Jackson,OH,39079,32413
Jefferson,OH,39081,65325
Knox,OH,39083,62322
Lake,OH,39085,230149
Lawrence,OH,39087,59463
Licking,OH,39089,176862
Logan,OH,39091,45672
Lorain,OH,39093,309833
Lucas,OH,39095,428348
Madison,OH,39097,44731
Mahoning,OH,39099,228683
Marion,OH,39101,65093
Medina,OH,39103,179746
Meigs,OH,39105,22907
Mercer,OH,39107,41172
Miami,OH,39109,106987
Monroe,OH,39111,13654
Montgomery,OH,39113,531687
Morgan,OH,39115,14508
Morrow,OH,39117,35328
Muskingum,OH,39119,86215
Noble,OH,39121,14424
Ottawa,OH,39123,40525
Paulding,OH,39125,18672
Perry,OH,39127,36134
Pickaway,OH,39129,58457
Pike,OH,39131,27772
Portage,OH,39133,162466
Preble,OH,39135,40882
Putnam,OH,39137,33861
Richland,OH,39139,121154
Ross,OH,39141,76666
Sandusky,OH,39143,58518
Scioto,OH,39145,75314
Seneca,OH,39147,55178
Shelby,OH,39149,48590
Stark,OH,39151,370606
Summit,OH,39153,541013
Trumbull,OH,39155,197974
Tuscarawas,OH,39157,91987
Union,OH,39159,58988
Van Wert,OH,39161,28275
Vinton,OH,39163,13085
Warren,OH,39165,234602
Washington,OH,39167,59911
Wayne,OH,39169,115710
Williams,OH,39171,36692
Wood,OH,39173,130817
Wyandot,OH,39175,21772
Adair,OK,40001,22194
Alfalfa,OK,40003,5702
Atoka,OK,40005,13758
Beaver,OK,40007,5311
Beckham,OK,40009,21859
Blaine,OK,40011,9429
Bryan,OK,40013,47995
Caddo,OK,40015,28762
Canadian,OK,40017,148306
Carter,OK,40019,48111
Cherokee,OK,40021,48657
Choctaw,OK,40023,14672
Cimarron,OK,40025,2137
Cleveland,OK,40027,284014
Coal,OK,40029,5495
Comanche,OK,40031,120749
Cotton,OK,40033,5666
Craig,OK,40035,14142
Creek,OK,40037,71522
Custer,OK,40039,29003
Delaware,OK,40041,43009
Dewey,OK,40043,4891
Ellis,OK,40045,3859
Garfield,OK,40047,61056
Garvin,OK,40049,27711
Grady,OK,40051,55834
Grant,OK,40053,4333
Greer,OK,40055,5712
Harmon,OK,40057,2653
Harper,OK,40059,3688
Haskell,OK,40061,12627
Hughes,OK,40063,13279
Jackson,OK,40065,24530
Jefferson,OK,40067,6002
Johnston,OK,40069,11085
Kay,OK,40071,43538
Kingfisher,OK,40073,15765
Kiowa,OK,40075,8708
Latimer,OK,40077,10073
Le Flore,OK,40079,49853
Lincoln,OK,40081,34877
Logan,OK,40083,48011
Love,OK,40085,10253
McClain,OK,40087,40474
McCurtain,OK,40089,32832
McIntosh,OK,40091,19596
Major,OK,40093,7629
Marshall,OK,40095,16931
Mayes,OK,40097,41100
Murray,OK,40099,14073
Muskogee,OK,40101,67997
Noble,OK,40103,11131
Nowata,OK,40105,10076
Okfuskee,OK,40107,11993
Oklahoma,OK,40109,797434
Okmulgee,OK,40111,38465
Osage,OK,40113,46963
Ottawa,OK,40115,31127
Pawnee,OK,40117,16376
Payne,OK,40119,81784
Pittsburg,OK,40121,43654
Pontotoc,OK,40123,38284
Pottawatomie,OK,40125,72592
Pushmataha,OK,40127,11096
Roger Mills,OK,40129,3583
Rogers,OK,40131,92459
Seminole,OK,40133,24258
Sequoyah,OK,40135,41569
Stephens,OK,40137,43143
Texas,OK,40139,19983
Tillman,OK,40141,7250
Tulsa,OK,40143,651552
Wagoner,OK,40145,81289
Washington,OK,40147,51527
Washita,OK,40149,10916
Woods,OK,40151,8793
Woodward,OK,40153,20211
Baker,OR,41001,16124
Benton,OR,41003,93053
Clackamas,OR,41005,418187
Clatsop,OR,41007,40224
Columbia,OR,41009,52354
Coos,OR,41011,64487
Crook,OR,41013,24404
Curry,OR,41015,22925
Deschutes,OR,41017,197692
Douglas,OR,41019,110980
Gilliam,OR,41021,1912
Grant,OR,41023,7199
Harney,OR,41025,7393
Hood River,OR,41027,23382
Jackson,OR,41029,220944
Jefferson,OR,41031,24658
Josephine,OR,41033,87487
Klamath,OR,41035,68238
Lake,OR,41037,7869
Lane,OR,41039,382067
Lincoln,OR,41041,49962
Linn,OR,41043,129749
Malheur,OR,41045,30571
Marion,OR,41047,347818
Morrow,OR,41049,11603
Multnomah,OR,41051,812855
Polk,OR,41053,86085
Sherman,OR,41055,1780
Tillamook,OR,41057,27036
Umatilla,OR,41059,77950
Union,OR,41061,26835
Wallowa,OR,41063,7208
Wasco,OR,41065,26682
Washington,OR,41067,601592
Yamhill,OR,41071,107100
Adams,PA,42001,103009
Allegheny,PA,42003,1216045
Armstrong,PA,42005,64735
Beaver,PA,42007,163929
Bedford,PA,42009,47888
Berks,PA,42011,421164
Blair,PA,42013,121829
Bradford,PA,42015,60323
Bucks,PA,42017,628270
Butler,PA,42019,187853
Cambria,PA,42021,130192
Cameron,PA,42023,4447
Carbon,PA,42025,64182
Centre,PA,42027,162385
Chester,PA,42029,524989
Clarion,PA,42031,38438
Clearfield,PA,42033,79255
Clinton,PA,42035,38632
Columbia,PA,42037,64964
Crawford,PA,42039,84629
Cumberland,PA,42041,253370
Dauphin,PA,42043,278299
Delaware,PA,42045,566747
Elk,PA,42047,29910
Erie,PA,42049,269728
Fayette,PA,42051,129274
Forest,PA,42053,7247
Franklin,PA,42055,155027
Fulton,PA,42057,14530
Greene,PA,42059,36233
Huntingdon,PA,42061,45144
Indiana,PA,42063,84073
Jefferson,PA,42065,43425
Juniata,PA,42067,24763
Lackawanna,PA,42069,209674
Lancaster,PA,42071,545724
Lawrence,PA,42073,85512
Lebanon,PA,42075,141793
Lehigh,PA,42077,369318
Luzerne,PA,42079,317417
Lycoming,PA,42081,113299
McKean,PA,42083,40625
Mercer,PA,42085,109424
Mifflin,PA,42087,46138
Monroe,PA,42089,170271
Montgomery,PA,42091,830915
Montour,PA,42093,18230
Northampton,PA,42095,305285
Northumberland,PA,42097,90843
Perry,PA,42099,46272
Philadelphia,PA,42101,1584064
Pike,PA,42103,55809
Potter,PA,42105,16526
Schuylkill,PA,42107,141359
Snyder,PA,42109,40372
Somerset,PA,42111,73447
Sullivan,PA,42113,6066
Susquehanna,PA,42115,40328
Tioga,PA,42117,40591
Union,PA,42119,44923
Venango,PA,42121,50668
Warren,PA,42123,39191
Washington,PA,42125,206865
Wayne,PA,42127,51361
Westmoreland,PA,42129,348899
Wyoming,PA,42131,26794
York,PA,42133,449058
Bristol,RI,44001,48479
Kent,RI,44003,164292
Newport,RI,44005,82082
Providence,RI,44007,638931
Washington,RI,44009,125577
Abbeville,SC,45001,24527
Aiken,SC,45003,170872
Allendale,SC,45005,8688
Anderson,SC,45007,202558
Bamberg,SC,45009,14066
Barnwell,SC,45011,20866
Beaufort,SC,45013,192122
Berkeley,SC,45015,227907
Calhoun,SC,45017,14553
Charleston,SC,45019,411406
Cherokee,SC,45021,57300
Chester,SC,45023,32244
Chesterfield,SC,45025,45650
Clarendon,SC,45027,33745
Colleton,SC,45029,37677
Darlington,SC,45031,66618
Dillon,SC,45033,30479
Dorchester,SC,45035,162809
Edgefield,SC,45037,27260
Fairfield,SC,45039,22347
Florence,SC,45041,138293
Georgetown,SC,45043,62680
Greenville,SC,45045,523542
Greenwood,SC,45047,70811
Hampton,SC,45049,19222
Horry,SC,45051,354081
Jasper,SC,45053,30073
Kershaw,SC,45055,66551
Lancaster,SC,45057,98012
Laurens,SC,45059,67493
Lee,SC,45061,16828
Lexington,SC,45063,298750
McCormick,SC,45065,9463
Marion,SC,45067,30657
Marlboro,SC,45069,26118
Newberry,SC,45071,38440
Oconee,SC,45073,79546
Orangeburg,SC,45075,86175
Pickens,SC,45077,126884
Richland,SC,45079,415759
Saluda,SC,45081,20473
Spartanburg,SC,45083,319785
Sumter,SC,45085,106721
Union,SC,45087,27316
Williamsburg,SC,45089,30368
York,SC,45091,280979
Aurora,SD,46003,2751
Beadle,SD,46005,18453
Bennett,SD,46007,3365
Bon Homme,SD,46009,6901
Brookings,SD,46011,35077
Brown,SD,46013,38839
Brule,SD,46015,5297
Buffalo,SD,46017,1962
Butte,SD,46019,10429
Campbell,SD,46021,1376
Charles Mix,SD,46023,9292
Clark,SD,46025,3736
Clay,SD,46027,14070
Codington,SD,46029,28009
Corson,SD,46031,4086
Custer,SD,46033,8972
Davison,SD,46035,19775
Day,SD,46037,5424
Deuel,SD,46039,4351
Dewey,SD,46041,5892
Douglas,SD,46043,2921
Edmunds,SD,46045,3829
Fall River,SD,46047,6713
Faulk,SD,46049,2299
Grant,SD,46051,7052
Gregory,SD,46053,4185
Haakon,SD,46055,1899
Hamlin,SD,46057,6164
Hand,SD,46059,3191
Hanson,SD,46061,3453
Hughes,SD,46065,17526
Hutchinson,SD,46067,7291
Hyde,SD,46069,1301
Jackson,SD,46071,3344
Jerauld,SD,46073,2013
Jones,SD,46075,903
Kingsbury,SD,46077,4939
Lake,SD,46079,12797
Lawrence,SD,46081,25844
Lincoln,SD,46083,61128
Lyman,SD,46085,3781
McCook,SD,46087,5586
McPherson,SD,46089,2379
Marshall,SD,46091,4935
Meade,SD,46093,28332
Mellette,SD,46095,2061
Miner,SD,46097,2216
Minnehaha,SD,46099,193134
Moody,SD,46101,6576
Oglala Lakota,SD,46102,14177
Pennington,SD,46103,113775
Perkins,SD,46105,2865
Roberts,SD,46109,10394
Sanborn,SD,46111,2344
Spink,SD,46115,6376
Stanley,SD,46117,3098
Sully,SD,46119,1391
Todd,SD,46121,10177
Tripp,SD,46123,5441
Turner,SD,46125,8384
Union,SD,46127,15932
Walworth,SD,46129,5435
Yankton,SD,46135,22814
Ziebach,SD,46137,2756
Anderson,TN,47001,76978
Bedford,TN,47003,49713
Benton,TN,47005,16160
Bledsoe,TN,47007,15064
Blount,TN,47009,133088
Bradley,TN,47011,108110
Campbell,TN,47013,39842
Cannon,TN,47015,14678
Carroll,TN,47017,27767
Carter,TN,47019,56391
Cheatham,TN,47021,40667
Chester,TN,47023,17297
Claiborne,TN,47025,31959
Clay,TN,47027,7615
Cocke,TN,47029,36004
Coffee,TN,47031,56520
Crockett,TN,47033,14230
Cumberland,TN,47035,60520
Davidson,TN,47037,694144
Decatur,TN,47039,11663
DeKalb,TN,47041,20490
Dickson,TN,47043,53948
Dyer,TN,47045,37159
Fayette,TN,47047,41133
Fentress,TN,47049,18523
Franklin,TN,47051,42208
Gibson,TN,47053,49133
Giles,TN,47055,29464
Grainger,TN,47057,23320
Greene,TN,47059,69069
Grundy,TN,47061,13427
Hamblen,TN,47063,64934
Hamilton,TN,47065,367804
Hancock,TN,47067,6620
Hardeman,TN,47069,25050
Hardin,TN,47071,25652
Hawkins,TN,47073,56786
Haywood,TN,47075,17304
Henderson,TN,47077,28117
Henry,TN,47079,32345
Hickman,TN,47081,25178
Houston,TN,47083,8201
Humphreys,TN,47085,18582
Jackson,TN,47087,11786
Jefferson,TN,47089,54495
Johnson,TN,47091,17788
Knox,TN,47093,470313
Lake,TN,47095,7016
Lauderdale,TN,47097,25633
Lawrence,TN,47099,44142
Lewis,TN,47101,12268
Lincoln,TN,47103,34366
Loudon,TN,47105,54068
McMinn,TN,47107,53794
McNairy,TN,47109,25694
Macon,TN,47111,24602
Madison,TN,47113,97984
Marion,TN,47115,28907
Marshall,TN,47117,34375
Maury,TN,47119,96387
Meigs,TN,47121,12422
Monroe,TN,47123,46545
Montgomery,TN,47125,208993
Moore,TN,47127,6488
Morgan,TN,47129,21403
Obion,TN,47131,30069
Overton,TN,47133,22241
Perry,TN,47135,8076
Pickett,TN,47137,5048
Polk,TN,47139,16832
Putnam,TN,47141,80245
Rhea,TN,47143,33167
Roane,TN,47145,53382
Robertson,TN,47147,71813
Rutherford,TN,47149,332285
Scott,TN,47151,22068
Sequatchie,TN,47153,15026
Sevier,TN,47155,98250
Shelby,TN,47157,937166
Smith,TN,47159,20157
Stewart,TN,47161,13715
Sullivan,TN,47163,158348
Sumner,TN,47165,191283
Tipton,TN,47167,61599
Trousdale,TN,47169,11284
Unicoi,TN,47171,17883
Union,TN,47173,19972
Van Buren,TN,47175,5872
Warren,TN,47177,41277
Washington,TN,47179,129375
Wayne,TN,47181,16673
Weakley,TN,47183,33328
White,TN,47185,27345
Williamson,TN,47187,238412
Wilson,TN,47189,144657
Anderson,TX,48001,57735
Andrews,TX,48003,18705
Angelina,TX,48005,86715
Aransas,TX,48007,23510
Archer,TX,48009,8553
Armstrong,TX,48011,1887
Atascosa,TX,48013,51153
Austin,TX,48015,30032
Bailey,TX,48017,7000
Bandera,TX,48019,23112
Bastrop,TX,48021,88723
Baylor,TX,48023,3509
Bee,TX,48025,32565
Bell,TX,48027,362924
Bexar,TX,48029,2003554
Blanco,TX,48031,11931
Bosque,TX,48035,18685
Bowie,TX,48037,93245
Brazoria,TX,48039,374264
Brazos,TX,48041,229211
Brewster,TX,48043,9203
Briscoe,TX,48045,1546
Brooks,TX,48047,7093
Brown,TX,48049,37864
Burleson,TX,48051,18443
Burnet,TX,48053,48155
Caldwell,TX,48055,43664
Calhoun,TX,48057,21290
Callahan,TX,48059,13943
Cameron,TX,48061,423163
Camp,TX,48063,13094
Carson,TX,48065,5926
Castro,TX,48069,7530
Chambers,TX,48071,43837
Cherokee,TX,48073,52646
Childress,TX,48075,7306
Clay,TX,48077,10471
Cochran,TX,48079,2853
Coke,TX,48081,3387
Coleman,TX,48083,8175
Collin,TX,48085,1034730
Collingsworth,TX,48087,2920
Colorado,TX,48089,21493
Comal,TX,48091,156209
Comanche,TX,48093,13635
Concho,TX,48095,2726
Cooke,TX,48097,41257
Coryell,TX,48099,75951
Cottle,TX,48101,1398
Crane,TX,48103,4797
Crockett,TX,48105,3464
Crosby,TX,48107,5737
Culberson,TX,48109,2171
Dallam,TX,48111,7287
Dallas,TX,48113,2635516
Dawson,TX,48115,12728
Deaf Smith,TX,48117,18546
Delta,TX,48119,5331
Denton,TX,48121,887207
DeWitt,TX,48123,20160
Dickens,TX,48125,2211
Dimmit,TX,48127,10124
Donley,TX,48129,3278
Duval,TX,48131,11157
Eastland,TX,48133,18360
Ector,TX,48135,166223
Edwards,TX,48137,1932
Ellis,TX,48139,184826
El Paso,TX,48141,839238
Erath,TX,48143,42698
Falls,TX,48145,17297
Fannin,TX,48147,35514
Fayette,TX,48149,25346
Fisher,TX,48151,3830
Floyd,TX,48153,5712
Foard,TX,48155,1155
Fort Bend,TX,48157,811688
Franklin,TX,48159,10725
Freestone,TX,48161,19717
Frio,TX,48163,20306
Gaines,TX,48165,21492
Galveston,TX,48167,342139
Garza,TX,48169,6229
Gillespie,TX,48171,26988
Glasscock,TX,48173,1409
Goliad,TX,48175,7658
Gonzales,TX,48177,20837
Gray,TX,48179,21886
Grayson,TX,48181,136212
Gregg,TX,48183,123945
Grimes,TX,48185,28880
Guadalupe,TX,48187,166847
Hale,TX,48189,33406
Hall,TX,48191,2964
Hamilton,TX,48193,8461
Hansford,TX,48195,5399
Hardeman,TX,48197,3933
Hardin,TX,48199,57602
Harris,TX,48201,4713325
Hartley,TX,48205,5576
Haskell,TX,48207,5658
Hays,TX,48209,230191
Hemphill,TX,48211,3819
Henderson,TX,48213,82737
Hidalgo,TX,48215,868707
Hill,TX,48217,36649
Hockley,TX,48219,23021
Hood,TX,48221,61643
Hopkins,TX,48223,37084
Houston,TX,48225,22968
Howard,TX,48227,36664
Hudspeth,TX,48229,4886
Hunt,TX,48231,98594
Hutchinson,TX,48233,20938
Irion,TX,48235,1536
Jack,TX,48237,8935
Jackson,TX,48239,14760
Jasper,TX,48241,35529
Jeff Davis,TX,48243,2274
Jefferson,TX,48245,251565
Jim Hogg,TX,48247,5200
Jim Wells,TX,48249,40482
Johnson,TX,48251,175817
Jones,TX,48253,20083
Karnes,TX,48255,15601
Kaufman,TX,48257,136154
Kendall,TX,48259,47431
Kenedy,TX,48261,404
Kent,TX,48263,762
Kerr,TX,48265,52600
Kimble,TX,48267,4337
Kinney,TX,48271,3667
Kleberg,TX,48273,30680
Knox,TX,48275,3664
Lamar,TX,48277,49859
Lamb,TX,48279,12893
Lampasas,TX,48281,21428
La Salle,TX,48283,7520
Lavaca,TX,48285,20154
Lee,TX,48287,17239
Leon,TX,48289,17404
Liberty,TX,48291,88219
Limestone,TX,48293,23437
Lipscomb,TX,48295,3233
Live Oak,TX,48297,12207
Llano,TX,48299,21795
Lubbock,TX,48303,310569
Lynn,TX,48305,5951
McCulloch,TX,48307,7984
McLennan,TX,48309,256623
McMullen,TX,48311,743
Madison,TX,48313,14284
Martin,TX,48317,5771
Mason,TX,48319,4274
Matagorda,TX,48321,36643
Maverick,TX,48323,58722
Medina,TX,48325,51584
Menard,TX,48327,2138
Midland,TX,48329,176832
Milam,TX,48331,24823
Mills,TX,48333,4873
Mitchell,TX,48335,8545
Montague,TX,48337,19818
Montgomery,TX,48339,607391
Moore,TX,48341,20940
Morris,TX,48343,12388
Motley,TX,48345,1200
Nacogdoches,TX,48347,65204
Navarro,TX,48349,50113
Newton,TX,48351,13595
Nolan,TX,48353,14714
Nueces,TX,48355,362294
Ochiltree,TX,48357,9836
Oldham,TX,48359,2112
Orange,TX,48361,83396
Palo Pinto,TX,48363,29189
Panola,TX,48365,23194
Parker,TX,48367,142878
Parmer,TX,48369,9605
Pecos,TX,48371,15823
Polk,TX,48373,51353
Potter,TX,48375,117415
Presidio,TX,48377,6704
Rains,TX,48379,12514
Randall,TX,48381,137713
Reagan,TX,48383,3849
Real,TX,48385,3452
Red River,TX,48387,12023
Reeves,TX,48389,15976
Refugio,TX,48391,6948
Roberts,TX,48393,854
Robertson,TX,48395,17074
Rockwall,TX,48397,104915
Runnels,TX,48399,10264
Rusk,TX,48401,54406
Sabine,TX,48403,10542
San Augustine,TX,48405,8237
San Jacinto,TX,48407,28859
San Patricio,TX,48409,66730
San Saba,TX,48411,6055
Schleicher,TX,48413,2793
Scurry,TX,48415,16703
Shackelford,TX,48417,3265
Shelby,TX,48419,25274
Sherman,TX,48421,3022
Smith,TX,48423,232751
Somervell,TX,48425,9128
Starr,TX,48427,64633
Stephens,TX,48429,9366
Sutton,TX,48435,3776
Swisher,TX,48437,7397
Tarrant,TX,48439,2102515
Taylor,TX,48441,138034
Terrell,TX,48443,776
Terry,TX,48445,12337
Throckmorton,TX,48447,1501
Titus,TX,48449,32750
Tom Green,TX,48451,119200
Travis,TX,48453,1273954
Trinity,TX,48455,14651
Tyler,TX,48457,21672
Upshur,TX,48459,41753
Upton,TX,48461,3657
Uvalde,TX,48463,26741
Val Verde,TX,48465,49025
Van Zandt,TX,48467,56590
Victoria,TX,48469,92084
Walker,TX,48471,72971
Waller,TX,48473,55246
Ward,TX,48475,11998
Washington,TX,48477,35882
Webb,TX,48479,276652
Wharton,TX,48481,41556
Wheeler,TX,48483,5056
Wichita,TX,48485,132230
Wilbarger,TX,48487,12769
Willacy,TX,48489,21358
Williamson,TX,48491,590551
Wilson,TX,48493,51070
Winkler,TX,48495,8010
Wise,TX,48497,69984
Wood,TX,48499,45539
Yoakum,TX,48501,8713
Young,TX,48503,18010
Zapata,TX,48505,14179
Zavala,TX,48507,11840
Beaver,UT,49001,6710
Box Elder,UT,49003,56046
Cache,UT,49005,128289
Carbon,UT,49007,20463
Davis,UT,49011,355481
Duchesne,UT,49013,19938
Emery,UT,49015,10012
Garfield,UT,49017,5051
Grand,UT,49019,9754
Iron,UT,49021,54839
Juab,UT,49023,12017
Kane,UT,49025,7886
Millard,UT,49027,13188
Morgan,UT,49029,12124
Piute,UT,49031,1479
Rich,UT,49033,2483
Salt Lake,UT,49035,1160437
San Juan,UT,49037,15308
Sanpete,UT,49039,30939
Sevier,UT,49041,21620
Summit,UT,49043,42145
Tooele,UT,49045,72259
Uintah,UT,49047,35734
Utah,UT,49049,636235
Wasatch,UT,49051,34091
Washington,UT,49053,177556
Weber,UT,49057,260213
Addison,VT,50001,36777
Bennington,VT,50003,35470
Caledonia,VT,50005,29993
Chittenden,VT,50007,163774
Essex,VT,50009,6163
Franklin,VT,50011,49402
Grand Isle,VT,50013,7235
Lamoille,VT,50015,25362
Orange,VT,50017,28892
Orleans,VT,50019,27037
Rutland,VT,50021,58191
Washington,VT,50023,58409
Windham,VT,50025,42222
Windsor,VT,50027,55062
Accomack,VA,51001,32316
Albemarle,VA,51003,109330
Alleghany,VA,51005,14860
Amelia,VA,51007,13145
Amherst,VA,51009,31605
Appomattox,VA,51011,15911
Arlington,VA,51013,236842
Augusta,VA,51015,75558
Bath,VA,51017,4147
Bedford,VA,51019,78997
Bland,VA,51021,6280
Botetourt,VA,51023,33419
Brunswick,VA,51025,16231
Buchanan,VA,51027,21004
Buckingham,VA,51029,17148
Campbell,VA,51031,54885
Caroline,VA,51033,30725
Carroll,VA,51035,29791
Charles City,VA,51036,6963
Charlotte,VA,51037,11880
Chesterfield,VA,51041,352802
Clarke,VA,51043,14619
Craig,VA,51045,5131
Culpeper,VA,51047,52605
Cumberland,VA,51049,9932
Dickenson,VA,51051,14318
Dinwiddie,VA,51053,28544
Essex,VA,51057,10953
Fairfax,VA,51059,1147532
Fauquier,VA,51061,71222
Floyd,VA,51063,15749
Fluvanna,VA,51065,27270
Franklin,VA,51067,56042
Frederick,VA,51069,89313
Giles,VA,51071,16720
Gloucester,VA,51073,37348
Goochland,VA,51075,23753
Grayson,VA,51077,15550
Greene,VA,51079,19819
Greensville,VA,51081,11336
Halifax,VA,51083,33911
Hanover,VA,51085,107766
Henrico,VA,51087,330818
Henry,VA,51089,50557
Highland,VA,51091,2190
Isle of Wight,VA,51093,37109
James City,VA,51095,76523
King and Queen,VA,51097,7025
King George,VA,51099,26836
King William,VA,51101,17148
Lancaster,VA,51103,10603
Lee,VA,51105,23423
Loudoun,VA,51107,413538
Louisa,VA,51109,37591
Lunenburg,VA,51111,12196
Madison,VA,51113,13261
Mathews,VA,51115,8834
Mecklenburg,VA,51117,30587
Middlesex,VA,51119,10582
Montgomery,VA,51121,98535
Nelson,VA,51125,14930
New Kent,VA,51127,23091
Northampton,VA,51131,11710
Northumberland,VA,51133,12095
Nottoway,VA,51135,15232
Orange,VA,51137,37051
Page,VA,51139,23902
Patrick,VA,51141,17608
Pittsylvania,VA,51143,60354
Powhatan,VA,51145,29652
Prince Edward,VA,51147,22802
Prince George,VA,51149,38353
Prince William,VA,51153,470335
Pulaski,VA,51155,34027
Rappahannock,VA,51157,7370
Richmond,VA,51159,9023
Roanoke,VA,51161,94186
Rockbridge,VA,51163,22573
Rockingham,VA,51165,81948
Russell,VA,51167,26586
Scott,VA,51169,21566
Shenandoah,VA,51171,43616
Smyth,VA,51173,30104
Southampton,VA,51175,17631
Spotsylvania,VA,51177,136215
Stafford,VA,51179,152882
Surry,VA,51181,6422
Sussex,VA,51183,11159
Tazewell,VA,51185,40595
Warren,VA,51187,40164
Washington,VA,51191,53740
Westmoreland,VA,51193,18015
Wise,VA,51195,37383
Wythe,VA,51197,28684
York,VA,51199,68280
Alexandria city,VA,51510,159428
Bristol city,VA,51520,16762
Buena Vista city,VA,51530,6478
Charlottesville city,VA,51540,47266
Chesapeake city,VA,51550,244835
Colonial Heights city,VA,51570,17370
Covington city,VA,51580,5538
Danville city,VA,51590,40044
Emporia city,VA,51595,5346
Fairfax city,VA,51600,24019
Falls Church city,VA,51610,14617
Franklin city,VA,51620,7967
Fredericksburg city,VA,51630,29036
Galax city,VA,51640,6347
Hampton city,VA,51650,134510
Harrisonburg city,VA,51660,53016
Hopewell city,VA,51670,22529
Lexington city,VA,51678,7446
Lynchburg city,VA,51680,82168
Manassas city,VA,51683,41085
Manassas Park city,VA,51685,17478
Martinsville city,VA,51690,12554
Newport News city,VA,51700,179225
Norfolk city,VA,51710,242742
Norton city,VA,51720,3981
Petersburg city,VA,51730,31346
Poquoson city,VA,51735,12271
Portsmouth city,VA,51740,94398
Radford city,VA,51750,18249
Richmond city,VA,51760,230436
Roanoke city,VA,51770,99143
Salem city,VA,51775,25301
Staunton city,VA,51790,24932
Suffolk city,VA,51800,92108
Virginia Beach city,VA,51810,449974
Waynesboro city,VA,51820,22630
Williamsburg city,VA,51830,14954
Winchester city,VA,51840,28078
Adams,WA,53001,19983
Asotin,WA,53003,22582
Benton,WA,53005,204390
Chelan,WA,53007,77200
Clallam,WA,53009,77331
Clark,WA,53011,488241
Columbia,WA,53013,3985
Cowlitz,WA,53015,110593
Douglas,WA,53017,43429
Ferry,WA,53019,7627
Franklin,WA,53021,95222
Garfield,WA,53023,2225
Grant,WA,53025,97733
Grays Harbor,WA,53027,75061
Island,WA,53029,85141
Jefferson,WA,53031,32221
King,WA,53033,2252782
Kitsap,WA,53035,271473
Kittitas,WA,53037,47935
Klickitat,WA,53039,22425
Lewis,WA,53041,80707
Lincoln,WA,53043,10939
Mason,WA,53045,66768
Okanogan,WA,53047,42243
Pacific,WA,53049,22471
Pend Oreille,WA,53051,13724
Pierce,WA,53053,904980
San Juan,WA,53055,17582
Skagit,WA,53057,129205
Skamania,WA,53059,12083
Snohomish,WA,53061,822083
Spokane,WA,53063,522798
Stevens,WA,53065,45723
Thurston,WA,53067,290536
Wahkiakum,WA,53069,4488
Walla Walla,WA,53071,60760
Whatcom,WA,53073,229247
Whitman,WA,53075,50104
Yakima,WA,53077,250873
Barbour,WV,54001,16441
Berkeley,WV,54003,119171
Boone,WV,54005,21457
Braxton,WV,54007,13957
Brooke,WV,54009,21939
Cabell,WV,54011,91945
Calhoun,WV,54013,7109
Clay,WV,54015,8508
Fayette,WV,54019,42406
Gilmer,WV,54021,7823
Grant,WV,54023,11568
Greenbrier,WV,54025,34662
Hampshire,WV,54027,23175
Hancock,WV,54029,28810
Hardy,WV,54031,13776
Harrison,WV,54033,67256
Jackson,WV,54035,28576
Jefferson,WV,54037,57146
Kanawha,WV,54039,178124
Lewis,WV,54041,15907
Lincoln,WV,54043,20409
Logan,WV,54045,32019
McDowell,WV,54047,17624
Marion,WV,54049,56072
Marshall,WV,54051,30531
Mason,WV,54053,26516
Mercer,WV,54055,58758
Mineral,WV,54057,26868
Mingo,WV,54059,23424
Monongalia,WV,54061,105612
Monroe,WV,54063,13275
Morgan,WV,54065,17884
Nicholas,WV,54067,24496
Ohio,WV,54069,41411
Pendleton,WV,54071,6969
Pleasants,WV,54073,7460
Pocahontas,WV,54075,8247
Preston,WV,54077,33432
Putnam,WV,54079,56450
Raleigh,WV,54081,73361
Randolph,WV,54083,28695
Ritchie,WV,54085,9554
Roane,WV,54087,13688
Summers,WV,54089,12573
Taylor,WV,54091,16695
Tucker,WV,54093,6839
Tyler,WV,54095,8591
Upshur,WV,54097,24176
Wayne,WV,54099,39402
Webster,WV,54101,8114
Wetzel,WV,54103,15065
Wirt,WV,54105,5821
Wood,WV,54107,83518
Wyoming,WV,54109,20394
Adams,WI,55001,20220
Ashland,WI,55003,15562
Barron,WI,55005,45244
Bayfield,WI,55007,15036
Brown,WI,55009,264542
Buffalo,WI,55011,13031
Burnett,WI,55013,15414
Calumet,WI,55015,50089
Chippewa,WI,55017,64658
Clark,WI,55019,34774
Columbia,WI,55021,57532
Crawford,WI,55023,16131
Dane,WI,55025,546695
Dodge,WI,55027,87839
Door,WI,55029,27668
Douglas,WI,55031,43150
Dunn,WI,55033,45368
Eau Claire,WI,55035,104646
Florence,WI,55037,4295
Fond du Lac,WI,55039,103403
Forest,WI,55041,9004
Grant,WI,55043,51439
Green,WI,55045,36960
Green Lake,WI,55047,18913
Iowa,WI,55049,23678
Iron,WI,55051,5687
Jackson,WI,55053,20643
Jefferson,WI,55055,84769
Juneau,WI,55057,26687
Kenosha,WI,55059,169561
Kewaunee,WI,55061,20434
La Crosse,WI,55063,118016
Lafayette,WI,55065,16665
Langlade,WI,55067,19189
Lincoln,WI,55069,27593
Manitowoc,WI,55071,78981
Marathon,WI,55073,135692
Marinette,WI,55075,40350
Marquette,WI,55077,15574
Menominee,WI,55078,4556
Milwaukee,WI,55079,945726
Monroe,WI,55081,46253
Oconto,WI,55083,37930
Oneida,WI,55085,35595
Outagamie,WI,55087,187885
Ozaukee,WI,55089,89221
Pepin,WI,55091,7287
Pierce,WI,55093,42754
Polk,WI,55095,43783
Portage,WI,55097,70772
Price,WI,55099,13351
Racine,WI,55101,196311
Richland,WI,55103,17252
Rock,WI,55105,163354
Rusk,WI,55107,14178
St. Croix,WI,55109,90687
Sauk,WI,55111,64442
Sawyer,WI,55113,16558
Shawano,WI,55115,40899
Sheboygan,WI,55117,115340
Taylor,WI,55119,20343
Trempealeau,WI,55121,29649
Vernon,WI,55123,30822
Vilas,WI,55125,22195
Walworth,WI,55127,103868
Washburn,WI,55129,15720
Washington,WI,55131,136034
Waukesha,WI,55133,404198
Waupaca,WI,55135,50990
Waushara,WI,55137,24443
Winnebago,WI,55139,171907
Wood,WI,55141,72999
Albany,WY,56001,38880
Big Horn,WY,56003,11790
Campbell,WY,56005,46341
Carbon,WY,56007,14800
Converse,WY,56009,13822
Crook,WY,56011,7584
Fremont,WY,56013,39261
Goshen,WY,56015,13211
Hot Springs,WY,56017,4413
Johnson,WY,56019,8445
Laramie,WY,56021,99500
Lincoln,WY,56023,19830
Natrona,WY,56025,79858
Niobrara,WY,56027,2356
Park,WY,56029,29194
Platte,WY,56031,8393
Sheridan,WY,56033,30485
Sublette,WY,56035,9831
Sweetwater,WY,56037,42343
Teton,WY,56039,23464
Uinta,WY,56041,20226
Washakie,WY,56043,7805
Weston,WY,56045,6927
Dolores,CO,8033,2055
Clark,ID,16033,845
Wichita,KS,20203,2119
Blaine,MT,30005,6681
Chouteau,MT,30015,5635
Judith Basin,MT,30045,2007
McCone,MT,30055,1664
Dundy,NE,31057,1693
Perkins,NE,31135,2891
Stonewall,TX,48433,1350
Yakutat plus Hoonah-Angoon,AK,2282,2727
Modoc,CA,6049,8841
Lake of the Woods,MN,27077,3740
Daniels,MT,30019,1690
Powder River,MT,30075,1682
Powell,MT,30077,6890
Wheeler,NE,31183,783
Adams,ND,38001,2216
Potter,SD,46107,2153
Wayne,UT,49055,2711
Doddridge,WV,54017,8448
Phillips,MT,30071,3954
Prairie,MT,30079,1077
Butte,ID,16023,2597
Mineral,MT,30061,4397
Arthur,NE,31005,463
Brown,NE,31017,2955
Keya Paha,NE,31103,806
Logan,NE,31113,748
Harding,SD,46063,1298
Sterling,TX,48431,1291
Rawlins,KS,20153,2530
Wallace,KS,20199,1518
Loup,NE,31115,664
Grant,NE,31075,623
De Baca,NM,35011,1748
Daggett,UT,49009,950
Borden,TX,48033,654
Kiowa,CO,8061,1406
Carter,MT,30011,1252
Blaine,NE,31009,465
Petroleum,MT,30069,487
Hayes,NE,31085,922
Wheeler,OR,41069,1332
King,TX,48269,272
Skagway Municipality,AK,2230,1183
Esmeralda,NV,32009,873
Loving,TX,48301,169
Kalawao,HI,15005,86
